claim_id,user_id,user_phone,vehicle_type,vehicle_age,policy_duration,previous_claims,accident_type,accident_severity,claim_amount,repair_estimate,garage_id,garage_city,agent_id,agent_phone,document_verified,image_uploaded,damage_consistency,accident_location,days_to_claim,claim_frequency_30d,is_fraud
V0,U0,9999999999,car,6,2,3,major,medium,675661,96523,G001,Mumbai,A11,9667462835,0,0,1,Delhi,4,2,1
V1,U1,9053289629,bike,6,1,2,major,high,93155,75057,G001,Delhi,A11,9935470157,0,1,0,Delhi,2,2,1
V2,U2,9475110784,bike,4,2,0,major,high,42857,32510,G003,Mumbai,A11,9035987512,1,0,1,Delhi,7,1,1
V3,U3,9902377196,car,10,2,4,minor,high,255199,36457,G002,Pune,A11,9035363288,0,0,0,Delhi,7,3,1
V4,U4,9450604911,bike,2,1,2,major,low,16690,7404,G002,Delhi,A12,9493675946,0,0,1,Pune,6,5,1
V5,U5,9095070765,bike,10,4,6,minor,low,468160,66880,G003,Mumbai,A10,9999231242,0,0,1,Delhi,6,5,1
V6,U6,9736874771,bike,7,3,4,major,low,274896,30544,G002,Pune,A11,9965276269,1,0,0,Mumbai,3,0,1
V7,U7,9949306173,car,8,1,0,major,low,31807,31404,G003,Pune,A11,9502844229,1,0,0,Pune,7,1,0
V8,U8,9431847979,car,9,5,6,major,high,78085,66268,G002,Pune,A12,9127096415,1,0,0,Pune,1,2,1
V9,U9,9784445208,bike,10,3,2,major,high,89688,29896,G001,Delhi,A10,9078186957,1,1,1,Delhi,9,4,1
V10,U10,9363200116,bike,2,1,1,minor,medium,230330,23033,G002,Pune,A11,9533039996,1,1,1,Delhi,2,3,1
V11,U11,9560135261,car,1,1,2,minor,high,86240,12320,G002,Delhi,A11,9052191222,1,0,1,Delhi,6,4,1
V12,U12,9633111050,car,9,4,2,minor,medium,97443,82700,G002,Delhi,A10,9458750182,1,1,1,Mumbai,9,3,1
V13,U13,9260063305,car,2,3,3,minor,high,244936,61234,G003,Mumbai,A11,9696799123,1,0,0,Delhi,6,4,1
V14,U14,9878616307,car,4,5,3,major,low,225470,45094,G002,Delhi,A10,9475821263,0,1,0,Pune,7,1,1
V15,U15,9121378708,bike,6,4,4,major,high,14058,13013,G001,Delhi,A12,9946294441,0,1,0,Mumbai,6,4,1
V16,U16,9878325546,bike,3,5,4,major,low,23060,5765,G002,Pune,A11,9296185023,0,1,1,Mumbai,1,3,1
V17,U17,9733273677,bike,10,3,2,minor,medium,31020,5170,G002,Delhi,A11,9451048778,1,1,0,Pune,6,4,1
V18,U18,9234761042,car,3,4,2,major,high,111596,94849,G003,Mumbai,A10,9457071827,0,0,0,Pune,4,2,1
V19,U19,9183527188,bike,8,2,5,minor,high,27194,18471,G001,Delhi,A10,9813914121,1,0,0,Pune,1,0,1
V20,U20,9407909544,bike,5,5,6,minor,medium,644294,92042,G002,Mumbai,A11,9783369084,1,1,1,Delhi,5,2,1
V21,U21,9743950535,bike,7,1,3,minor,low,37856,29537,G003,Delhi,A10,9070195959,1,0,0,Pune,1,5,0
V22,U22,9095329067,car,10,5,4,major,medium,71852,17963,G002,Delhi,A10,9958410261,1,0,0,Mumbai,5,1,1
V23,U23,9848150538,bike,3,2,1,minor,medium,59456,49181,G002,Pune,A12,9241890574,0,0,1,Pune,6,0,1
V24,U24,9805466657,bike,8,1,6,major,medium,40135,30105,G002,Delhi,A12,9512829001,0,1,1,Pune,8,4,1
V25,U25,9930591499,bike,3,3,2,minor,low,298818,49803,G002,Delhi,A11,9030778433,1,0,0,Pune,7,1,1
V26,U26,9775822103,bike,10,4,4,major,high,20812,18248,G003,Mumbai,A11,9775096477,0,1,0,Pune,4,2,1
V27,U27,9537207668,bike,6,2,3,major,low,30627,14236,G002,Pune,A10,9168945223,0,1,0,Mumbai,8,2,1
V28,U28,9957525935,bike,5,2,5,major,low,70584,63734,G002,Pune,A10,9192907955,0,1,1,Mumbai,9,4,1
V29,U29,9060931059,bike,10,4,5,major,high,231680,57920,G002,Delhi,A11,9688160837,0,0,1,Mumbai,1,2,1
V30,U30,9799930244,car,6,4,6,minor,medium,106672,97818,G001,Delhi,A11,9708986818,0,0,1,Mumbai,6,3,1
V31,U31,9639977608,bike,4,5,2,major,high,565552,70694,G003,Pune,A12,9404873679,1,0,0,Delhi,8,1,1
V32,U32,9214830441,bike,6,1,1,minor,low,42097,37724,G002,Delhi,A10,9230089263,0,1,0,Mumbai,5,0,1
V33,U33,9030316383,bike,5,2,6,minor,high,604984,75623,G002,Mumbai,A11,9956887911,1,1,0,Delhi,7,5,1
V34,U34,9950004606,bike,7,5,0,minor,low,24099,7554,G002,Mumbai,A12,9116633790,0,1,1,Mumbai,4,3,1
V35,U35,9559604737,car,3,2,0,major,low,194192,48548,G003,Pune,A12,9153821491,1,0,1,Pune,10,4,1
V36,U36,9046253654,car,9,3,3,minor,high,25166,15287,G003,Pune,A11,9347758412,1,1,0,Mumbai,4,0,0
V37,U37,9298739139,car,4,5,2,major,low,221052,55263,G002,Pune,A11,9120968194,1,0,1,Delhi,4,2,1
V38,U38,9975389876,bike,7,5,1,major,medium,65496,16374,G002,Pune,A11,9519012817,1,0,0,Pune,7,1,1
V39,U39,9553134262,bike,10,1,4,major,medium,44654,43313,G003,Pune,A11,9826485932,1,0,0,Pune,3,5,1
V40,U40,9377705128,bike,7,4,2,major,high,29503,12752,G001,Pune,A12,9852808658,1,0,0,Delhi,5,5,1
V41,U41,9175719756,car,6,4,2,major,medium,22830,15372,G001,Pune,A10,9353300122,1,1,0,Mumbai,6,1,0
V42,U42,9068584813,car,5,4,4,major,high,98109,81306,G002,Delhi,A10,9762983705,1,0,0,Delhi,9,4,1
V43,U43,9519682782,bike,7,2,4,minor,low,39797,27006,G002,Pune,A10,9394164054,0,1,0,Mumbai,4,2,1
V44,U44,9496712958,bike,6,5,3,major,low,33779,15075,G003,Mumbai,A11,9582828734,0,0,1,Mumbai,6,0,1
V45,U45,9190570812,bike,1,1,0,minor,low,29273,14234,G002,Delhi,A10,9061585848,1,0,1,Pune,2,4,1
V46,U46,9952446116,bike,5,1,2,major,low,55233,40596,G001,Delhi,A10,9370470062,1,0,0,Mumbai,5,3,1
V47,U47,9361494811,bike,2,5,5,minor,medium,171056,42764,G002,Pune,A11,9061881818,1,0,0,Mumbai,3,1,1
V48,U48,9306428915,car,1,3,4,major,medium,47183,32630,G002,Pune,A12,9254964883,1,1,0,Delhi,2,4,1
V49,U49,9171839838,bike,4,3,5,major,high,22606,5953,G001,Pune,A12,9371113432,0,0,1,Delhi,9,5,1
V50,U50,9999999999,bike,8,5,6,major,low,48659,34923,G002,Pune,A10,9123702657,1,0,1,Mumbai,7,0,1
V51,U51,9572913724,bike,2,5,5,minor,low,24988,6247,G002,Mumbai,A11,9554705143,1,0,0,Mumbai,4,2,1
V52,U52,9292664160,bike,3,4,2,major,high,185140,37028,G002,Mumbai,A11,9333388908,1,0,0,Pune,1,3,1
V53,U53,9379214689,car,10,1,5,major,medium,45804,32293,G001,Mumbai,A11,9540996915,0,1,1,Pune,7,4,1
V54,U54,9412802354,car,7,2,1,major,high,803540,80354,G002,Pune,A11,9533784676,0,1,1,Pune,8,1,1
V55,U55,9645873042,bike,1,1,6,minor,high,675000,84375,G002,Pune,A12,9365400132,1,1,1,Mumbai,2,2,1
V56,U56,9878262359,car,4,5,3,minor,medium,17393,14964,G002,Delhi,A12,9566960105,0,1,0,Pune,10,3,1
V57,U57,9325161016,car,4,1,5,minor,low,65177,59032,G001,Mumbai,A11,9818739864,1,0,0,Mumbai,9,1,1
V58,U58,9059110525,car,7,3,0,minor,medium,61234,41770,G002,Mumbai,A12,9563517592,0,1,0,Pune,3,3,0
V59,U59,9311181869,car,7,1,1,major,medium,249792,31224,G002,Pune,A11,9393052755,1,1,1,Delhi,4,4,1
V60,U60,9537471280,bike,5,5,6,major,medium,106938,94307,G002,Delhi,A10,9414627165,1,0,0,Pune,6,3,1
V61,U61,9221696747,bike,9,1,3,minor,medium,27898,21507,G001,Delhi,A12,9105071894,0,1,1,Mumbai,3,5,1
V62,U62,9708256239,bike,5,4,5,major,high,17376,12567,G001,Pune,A11,9142259735,0,0,0,Mumbai,10,2,1
V63,U63,9022154470,bike,10,3,0,major,low,73842,66188,G003,Delhi,A11,9361866588,1,1,1,Mumbai,7,0,0
V64,U64,9751019252,car,8,2,6,major,medium,57921,45206,G001,Pune,A11,9309708315,1,1,1,Delhi,7,2,0
V65,U65,9191616739,bike,10,3,2,major,medium,359744,51392,G002,Delhi,A11,9594521988,0,1,1,Delhi,4,5,1
V66,U66,9664878922,bike,9,4,4,minor,medium,169914,28319,G003,Mumbai,A11,9749751845,1,1,0,Pune,2,0,1
V67,U67,9769774338,bike,6,3,0,minor,high,278120,34765,G002,Pune,A12,9253673585,0,1,1,Mumbai,2,5,1
V68,U68,9460831652,car,7,4,5,minor,low,62662,47635,G002,Delhi,A10,9786421246,1,1,0,Delhi,9,2,1
V69,U69,9124502877,bike,1,5,5,major,high,86813,80331,G001,Delhi,A12,9368325126,1,1,1,Pune,1,4,1
V70,U70,9989922308,car,1,5,1,minor,low,43772,41082,G002,Delhi,A10,9040834888,0,0,0,Delhi,1,3,1
V71,U71,9720898035,bike,9,3,0,minor,medium,25227,16840,G002,Delhi,A10,9689533481,1,1,0,Pune,7,5,1
V72,U72,9927676603,bike,3,1,3,major,low,98720,85702,G003,Pune,A11,9547370049,0,0,0,Mumbai,6,5,1
V73,U73,9320933946,bike,2,2,0,minor,medium,89229,29743,G001,Mumbai,A12,9932743983,1,1,0,Delhi,7,1,1
V74,U74,9028491509,car,8,3,3,minor,low,658824,82353,G002,Delhi,A11,9033584207,1,0,1,Delhi,4,0,1
V75,U75,9774041333,bike,9,2,2,major,high,221772,55443,G002,Mumbai,A11,9106667872,0,1,1,Mumbai,8,2,1
V76,U76,9202475081,car,8,3,1,major,medium,100999,86271,G003,Pune,A11,9204622525,1,1,0,Mumbai,3,3,1
V77,U77,9905234954,bike,3,2,3,major,low,32233,19695,G002,Pune,A12,9771519343,1,0,1,Mumbai,9,0,0
V78,U78,9179731431,bike,2,1,1,major,low,78677,71580,G001,Delhi,A11,9939457758,0,0,1,Delhi,3,4,0
V79,U79,9631276369,car,9,2,4,major,medium,419690,83938,G001,Mumbai,A10,9075018255,1,1,1,Mumbai,8,0,1
V80,U80,9676966834,bike,10,3,4,minor,low,311862,51977,G002,Pune,A11,9706402382,1,0,0,Delhi,2,4,1
V81,U81,9677373401,bike,7,4,5,major,medium,25165,10727,G003,Mumbai,A11,9731156831,0,0,0,Mumbai,10,3,1
V82,U82,9715824752,bike,7,4,5,major,low,720162,80018,G002,Delhi,A11,9636698316,1,0,1,Mumbai,7,0,1
V83,U83,9213883508,car,3,5,1,minor,medium,65262,21754,G003,Delhi,A10,9615998193,0,0,1,Pune,6,4,1
V84,U84,9603485706,car,2,1,3,minor,low,499698,83283,G001,Pune,A11,9184863814,1,1,0,Delhi,9,1,1
V85,U85,9265583326,car,2,1,1,major,medium,112793,95154,G003,Mumbai,A11,9979983557,0,1,1,Delhi,9,2,1
V86,U86,9531823939,car,5,4,2,minor,medium,182330,36466,G001,Mumbai,A11,9232385287,0,0,0,Mumbai,9,2,1
V87,U87,9217248928,bike,4,1,1,minor,high,155224,38806,G003,Delhi,A12,9867991236,0,1,0,Delhi,10,4,1
V88,U88,9060505473,bike,3,5,4,minor,medium,147474,16386,G002,Delhi,A11,9637942222,1,1,1,Mumbai,3,4,1
V89,U89,9512984827,bike,3,5,1,major,high,32944,30407,G001,Delhi,A11,9915419501,0,0,1,Delhi,4,0,1
V90,U90,9702815648,bike,7,2,1,major,high,732592,91574,G002,Delhi,A10,9423400766,1,0,1,Delhi,3,5,1
V91,U91,9774947563,bike,6,3,2,minor,low,72688,10384,G003,Delhi,A11,9504026945,1,0,1,Delhi,2,2,1
V92,U92,9919908253,bike,8,3,4,minor,low,112866,99435,G001,Mumbai,A10,9391154810,1,1,0,Pune,3,4,1
V93,U93,9476367541,bike,7,3,3,major,medium,43059,29244,G003,Mumbai,A11,9255388554,1,0,0,Delhi,7,2,1
V94,U94,9803517407,bike,9,3,6,minor,medium,66625,13325,G001,Mumbai,A10,9548999700,0,0,1,Delhi,4,4,1
V95,U95,9066940300,car,5,2,0,major,low,363881,51983,G002,Mumbai,A11,9450939252,0,0,1,Pune,9,1,1
V96,U96,9831648185,car,10,2,6,minor,low,361680,60280,G002,Pune,A11,9294012547,0,0,0,Mumbai,2,4,1
V97,U97,9153967969,car,9,1,1,minor,low,47123,41030,G003,Delhi,A10,9117043368,0,0,0,Pune,7,0,1
V98,U98,9309849135,bike,3,3,5,minor,low,73076,62056,G001,Delhi,A10,9293145957,1,1,0,Pune,10,5,1
V99,U99,9993585718,car,7,1,3,major,low,339038,48434,G002,Mumbai,A11,9008705766,1,0,1,Pune,7,1,1
V100,U100,9999999999,car,10,1,1,major,high,99221,90764,G001,Delhi,A11,9023939993,0,1,1,Delhi,3,3,0
V101,U101,9064070006,bike,6,3,5,minor,low,94117,77750,G003,Mumbai,A11,9820396295,0,0,1,Delhi,10,0,1
V102,U102,9441955653,car,8,2,4,minor,medium,779280,77928,G002,Pune,A11,9764164843,1,1,0,Pune,6,0,1
V103,U103,9034246213,car,9,4,6,major,high,357371,51053,G002,Delhi,A11,9440364248,0,0,1,Mumbai,7,3,1
V104,U104,9606219571,car,5,4,5,major,high,802863,89207,G002,Pune,A11,9507684134,1,1,0,Pune,10,3,1
V105,U105,9796937813,car,6,2,1,minor,low,96649,87341,G002,Delhi,A10,9242716467,0,0,1,Pune,4,0,0
V106,U106,9620376509,bike,10,4,5,minor,low,87390,81774,G003,Delhi,A11,9077574607,0,1,0,Pune,10,2,1
V107,U107,9916563694,car,4,2,4,minor,high,15769,11407,G002,Delhi,A10,9804971986,1,0,1,Mumbai,6,5,0
V108,U108,9710182721,bike,2,2,6,major,high,473200,94640,G002,Pune,A11,9744939940,1,1,1,Pune,3,0,1
V109,U109,9829305689,bike,5,1,4,major,low,164184,27364,G002,Delhi,A11,9145310735,0,0,1,Delhi,5,3,1
V110,U110,9911231677,bike,2,5,3,minor,high,668096,83512,G001,Mumbai,A10,9600914816,0,0,1,Delhi,8,1,1
V111,U111,9595292924,bike,8,2,6,major,low,96822,89158,G002,Delhi,A10,9624639238,1,1,0,Pune,10,4,1
V112,U112,9268691145,car,10,3,6,minor,high,296076,49346,G002,Delhi,A11,9065891926,1,0,1,Mumbai,7,4,1
V113,U113,9768745025,car,6,2,2,minor,low,46893,29557,G001,Mumbai,A10,9363629687,1,1,1,Pune,4,5,0
V114,U114,9707644634,car,9,2,0,minor,high,44821,25817,G003,Delhi,A11,9130995840,0,1,0,Delhi,8,3,1
V115,U115,9167041179,bike,10,5,1,minor,low,648728,81091,G002,Mumbai,A11,9278069106,1,1,1,Delhi,3,2,1
V116,U116,9269044129,car,10,5,5,major,high,101093,86668,G003,Delhi,A10,9692278647,1,0,0,Mumbai,4,2,1
V117,U117,9298668277,bike,2,3,4,major,high,33165,20409,G001,Pune,A10,9603130198,0,0,0,Pune,3,5,1
V118,U118,9747516508,car,2,1,6,minor,medium,36120,35148,G002,Mumbai,A12,9333594216,1,0,1,Pune,8,4,0
V119,U119,9411308492,bike,2,4,1,major,low,395696,98924,G001,Mumbai,A11,9862864153,1,0,1,Pune,1,4,1
V120,U120,9967910947,car,4,3,5,minor,medium,145278,16142,G002,Pune,A11,9240661119,0,0,0,Mumbai,1,5,1
V121,U121,9391246586,car,3,5,1,major,high,114120,14265,G003,Delhi,A10,9126171802,0,0,1,Delhi,7,1,1
V122,U122,9879104442,bike,4,4,2,minor,medium,52497,34579,G002,Delhi,A10,9454084179,0,0,0,Pune,6,2,1
V123,U123,9177300483,bike,4,5,3,minor,medium,76860,70089,G001,Mumbai,A12,9979046638,1,1,1,Delhi,6,2,0
V124,U124,9505750336,car,5,2,6,minor,medium,419468,59924,G002,Delhi,A10,9614105876,1,0,1,Delhi,7,0,1
V125,U125,9320041604,bike,3,3,0,minor,medium,204876,68292,G001,Mumbai,A11,9654969546,0,0,1,Pune,2,1,1
V126,U126,9098711912,car,4,3,4,minor,low,58050,11610,G002,Delhi,A11,9907232222,0,1,1,Mumbai,3,4,1
V127,U127,9085637292,car,9,5,5,minor,low,75240,56796,G002,Pune,A10,9734076461,0,0,0,Pune,8,4,1
V128,U128,9561059073,car,9,5,2,major,medium,648432,72048,G002,Mumbai,A11,9156715569,0,0,0,Delhi,10,5,1
V129,U129,9003373236,car,7,5,0,major,high,24801,9485,G001,Mumbai,A12,9753164430,0,1,1,Pune,10,5,1
V130,U130,9325771456,car,9,1,1,minor,medium,30231,18732,G003,Delhi,A12,9421559601,0,1,1,Mumbai,9,4,0
V131,U131,9122196818,bike,3,4,1,minor,high,327918,54653,G002,Delhi,A12,9865674915,1,0,1,Delhi,9,0,1
V132,U132,9670825260,bike,4,1,1,minor,medium,59460,40352,G002,Pune,A10,9517062401,0,0,1,Pune,9,4,1
V133,U133,9457754043,bike,2,3,2,minor,low,45575,33563,G001,Mumbai,A10,9645633929,1,0,0,Mumbai,2,3,1
V134,U134,9387745258,bike,1,5,0,minor,high,76887,74357,G003,Pune,A10,9329783511,0,1,1,Mumbai,3,4,1
V135,U135,9853099281,car,5,4,6,major,low,95078,78375,G001,Pune,A11,9012783200,0,1,0,Pune,3,4,1
V136,U136,9168323118,car,8,4,6,minor,medium,137753,19679,G002,Pune,A11,9162998097,1,0,1,Pune,7,5,1
V137,U137,9356016624,car,2,3,0,minor,high,61140,15285,G002,Mumbai,A12,9955482388,0,1,0,Delhi,6,1,1
V138,U138,9752709504,bike,5,4,1,minor,high,353916,58986,G002,Pune,A12,9727851945,1,0,0,Mumbai,9,3,1
V139,U139,9811163888,car,10,4,5,major,low,69139,65940,G002,Mumbai,A12,9950409211,0,1,0,Mumbai,10,3,1
V140,U140,9553939659,bike,1,4,1,major,high,48819,39512,G003,Pune,A11,9676972821,0,1,0,Delhi,10,3,0
V141,U141,9931074714,bike,6,3,6,minor,medium,466056,51784,G002,Mumbai,A11,9999934879,1,1,0,Mumbai,3,2,1
V142,U142,9208566808,bike,9,4,4,major,medium,83003,81877,G003,Pune,A11,9871735072,1,1,0,Mumbai,6,1,0
V143,U143,9827147420,bike,4,3,6,minor,low,36016,20312,G001,Pune,A12,9527484248,1,1,0,Pune,2,5,1
V144,U144,9810097774,bike,3,5,2,minor,low,47665,44368,G003,Mumbai,A11,9495334696,0,0,1,Delhi,3,0,1
V145,U145,9593922050,bike,8,5,4,major,medium,604256,75532,G001,Mumbai,A12,9254568015,0,0,0,Mumbai,7,1,1
V146,U146,9763646734,bike,9,4,2,minor,medium,45574,38217,G002,Delhi,A10,9388786911,0,0,0,Mumbai,2,0,1
V147,U147,9903796668,car,2,5,5,minor,medium,529053,75579,G002,Mumbai,A11,9940063907,1,1,1,Mumbai,7,2,1
V148,U148,9179301947,car,6,4,5,major,low,405354,67559,G002,Pune,A12,9155175350,0,0,0,Delhi,6,4,1
V149,U149,9020926847,bike,10,3,0,major,medium,607719,86817,G003,Pune,A11,9213832293,0,1,1,Delhi,4,5,1
V150,U150,9999999999,car,4,2,5,major,low,318744,53124,G002,Delhi,A11,9437344343,1,0,0,Pune,6,1,1
V151,U151,9225823214,car,2,2,2,minor,low,369680,46210,G002,Delhi,A11,9350799039,0,1,0,Pune,9,2,1
V152,U152,9955138652,car,9,1,6,major,high,69195,13839,G001,Delhi,A10,9314664109,0,1,0,Delhi,1,0,1
V153,U153,9773075716,bike,6,3,0,minor,medium,475000,59375,G002,Mumbai,A11,9135141710,1,0,0,Delhi,3,1,1
V154,U154,9593226476,bike,6,2,6,minor,high,47663,37080,G001,Mumbai,A12,9425326087,1,0,1,Pune,10,5,1
V155,U155,9465067776,bike,4,3,3,major,high,318126,53021,G003,Pune,A11,9933694396,0,1,0,Pune,9,3,1
V156,U156,9470851409,bike,2,4,6,major,medium,35785,7157,G002,Pune,A11,9042018980,1,0,1,Pune,8,1,1
V157,U157,9498046523,car,8,1,2,minor,low,68060,67652,G003,Pune,A12,9677389835,0,1,0,Delhi,10,5,1
V158,U158,9431991378,car,1,1,6,major,high,84980,75395,G002,Delhi,A10,9979417503,1,0,0,Pune,5,4,1
V159,U159,9689142011,car,5,5,6,major,medium,425024,53128,G003,Mumbai,A11,9022816462,0,0,0,Pune,7,0,1
V160,U160,9919157709,car,2,3,3,major,high,339966,37774,G002,Pune,A11,9834259444,0,0,0,Delhi,1,1,1
V161,U161,9599489779,bike,4,2,2,minor,high,96625,85893,G002,Pune,A12,9696727940,1,0,1,Mumbai,6,0,0
V162,U162,9891954018,car,9,1,2,minor,low,554180,55418,G002,Mumbai,A11,9899301806,1,1,0,Delhi,8,2,1
V163,U163,9425830973,bike,9,2,4,major,high,237965,33995,G002,Pune,A11,9785159129,1,1,1,Pune,5,1,1
V164,U164,9866687259,car,7,5,6,major,high,21822,19790,G003,Pune,A11,9400718979,0,1,0,Delhi,6,0,0
V165,U165,9543966348,car,2,1,5,major,low,32854,18908,G003,Delhi,A11,9134631208,0,0,1,Delhi,4,2,1
V166,U166,9815691517,car,9,4,2,major,medium,58540,51891,G002,Pune,A12,9477577959,0,0,1,Mumbai,3,0,0
V167,U167,9035425796,bike,8,2,4,major,medium,165444,55148,G002,Delhi,A10,9145390431,1,1,1,Pune,10,4,1
V168,U168,9111459898,car,8,1,6,minor,medium,646020,64602,G002,Mumbai,A11,9200960755,0,0,1,Pune,8,1,1
V169,U169,9233503913,bike,8,4,5,major,medium,755930,75593,G002,Pune,A11,9497619934,1,0,1,Pune,7,4,1
V170,U170,9339878196,car,1,1,5,major,medium,251604,62901,G002,Delhi,A11,9347598685,1,0,1,Delhi,4,5,1
V171,U171,9839622185,car,3,1,6,minor,low,62342,57298,G001,Pune,A11,9061062920,0,1,1,Delhi,9,5,1
V172,U172,9469273749,bike,8,1,2,minor,medium,43866,28735,G002,Mumbai,A12,9802767304,1,1,0,Pune,5,2,1
V173,U173,9302458282,bike,5,1,6,major,medium,99297,98040,G003,Mumbai,A11,9090024521,0,0,0,Pune,3,4,1
V174,U174,9798031302,bike,9,3,2,minor,medium,76297,68340,G001,Pune,A11,9867046108,0,0,0,Pune,4,2,1
V175,U175,9839603993,bike,1,5,3,major,low,154923,51641,G003,Delhi,A11,9428558063,1,1,0,Delhi,9,2,1
V176,U176,9162599700,car,8,1,5,major,high,276150,55230,G002,Delhi,A11,9791556851,1,1,0,Delhi,7,0,1
V177,U177,9208230331,bike,3,2,1,minor,low,105628,86770,G003,Mumbai,A12,9295921357,1,0,0,Pune,9,2,1
V178,U178,9046098644,car,5,2,4,major,high,243168,40528,G001,Delhi,A12,9823753528,0,1,1,Pune,8,1,1
V179,U179,9584343657,bike,4,1,6,minor,high,20264,12330,G001,Pune,A12,9310544212,1,1,1,Pune,10,2,1
V180,U180,9861348617,car,7,2,3,minor,medium,96456,81091,G002,Pune,A10,9200319970,1,0,1,Delhi,4,0,1
V181,U181,9420633818,car,3,4,4,major,high,76000,60942,G001,Pune,A11,9563697118,0,0,1,Mumbai,9,5,1
V182,U182,9735388013,bike,6,3,5,minor,high,102222,98405,G001,Mumbai,A12,9590541731,1,1,1,Pune,6,4,0
V183,U183,9175271206,bike,10,4,4,major,high,375844,93961,G002,Mumbai,A11,9414238907,1,1,1,Mumbai,4,4,1
V184,U184,9406610292,bike,6,3,2,major,high,177032,44258,G002,Mumbai,A11,9138853830,1,1,0,Delhi,4,2,1
V185,U185,9817317705,car,7,2,0,minor,low,275108,68777,G001,Delhi,A11,9805968787,1,0,0,Pune,2,5,1
V186,U186,9377928681,bike,5,4,5,major,high,89549,74494,G003,Mumbai,A10,9649587966,0,1,0,Pune,9,3,1
V187,U187,9089358269,bike,4,5,3,minor,low,60773,57724,G001,Pune,A11,9898060152,0,1,0,Pune,3,4,1
V188,U188,9515236702,bike,9,5,4,major,medium,59952,47798,G001,Pune,A12,9899113935,1,0,0,Pune,9,0,0
V189,U189,9764828609,bike,10,3,6,major,low,211680,26460,G001,Pune,A12,9242696334,1,0,1,Pune,3,3,1
V190,U190,9910594037,car,3,1,5,major,medium,75974,73079,G002,Delhi,A10,9416872802,1,1,0,Pune,7,5,1
V191,U191,9245851008,bike,8,1,6,minor,low,67094,51699,G002,Mumbai,A10,9430192805,1,0,1,Delhi,5,1,1
V192,U192,9409872129,car,3,4,4,minor,high,135648,22608,G002,Pune,A11,9960242289,1,1,0,Delhi,6,3,1
V193,U193,9366689991,car,9,1,5,major,low,64758,61534,G002,Mumbai,A12,9621536337,1,1,0,Pune,10,1,1
V194,U194,9656343003,car,6,4,6,major,low,42075,27307,G001,Pune,A12,9664676483,0,0,1,Mumbai,8,4,1
V195,U195,9909214101,bike,7,5,3,minor,high,74016,12336,G002,Mumbai,A11,9701025445,1,0,0,Delhi,10,4,1
V196,U196,9387340079,bike,9,4,4,minor,low,91259,74880,G003,Mumbai,A11,9884900668,0,0,1,Mumbai,6,4,1
V197,U197,9369741902,bike,5,5,2,minor,high,82821,78416,G001,Pune,A10,9017655497,0,1,1,Delhi,8,1,1
V198,U198,9940454479,bike,5,2,6,major,high,796568,99571,G002,Mumbai,A11,9751813743,1,0,0,Pune,7,3,1
V199,U199,9969267190,bike,6,2,6,major,high,327600,54600,G001,Mumbai,A12,9462949379,1,0,0,Delhi,9,4,1
V200,U200,9999999999,bike,1,4,5,minor,low,20887,8991,G003,Mumbai,A11,9685380413,1,0,1,Delhi,9,3,1
V201,U201,9320886354,car,6,3,6,minor,low,142868,35717,G002,Mumbai,A11,9180637126,0,1,0,Pune,7,5,1
V202,U202,9888933133,bike,9,3,1,major,high,192075,38415,G002,Delhi,A10,9047151755,1,1,1,Mumbai,4,1,1
V203,U203,9359405671,bike,8,1,2,minor,low,55765,52777,G002,Pune,A12,9689106721,1,0,1,Pune,3,4,0
V204,U204,9027978402,car,3,3,2,minor,medium,56404,42035,G001,Pune,A11,9896481340,1,0,0,Delhi,8,4,1
V205,U205,9095847150,car,1,1,5,minor,low,371754,61959,G002,Delhi,A10,9943866512,0,1,0,Pune,4,5,1
V206,U206,9363299829,bike,4,3,5,major,high,405482,57926,G001,Pune,A11,9695385869,0,1,0,Pune,8,2,1
V207,U207,9689281425,bike,9,5,1,minor,high,62268,46918,G002,Mumbai,A12,9879837393,0,1,1,Pune,2,1,1
V208,U208,9785549933,car,8,1,0,major,medium,893550,89355,G002,Delhi,A11,9893815775,0,1,1,Pune,1,3,1
V209,U209,9464624264,bike,10,3,2,major,high,229292,32756,G002,Pune,A11,9401701472,0,1,1,Delhi,6,4,1
V210,U210,9817434347,bike,9,1,0,minor,low,19386,14342,G002,Mumbai,A12,9062469795,1,1,1,Pune,10,3,1
V211,U211,9562811450,car,9,2,5,minor,low,52094,45844,G003,Mumbai,A10,9235266666,1,0,1,Mumbai,6,1,0
V212,U212,9059936366,bike,7,4,2,minor,low,659200,65920,G002,Delhi,A11,9313878730,0,0,0,Mumbai,5,1,1
V213,U213,9487530086,car,1,2,3,minor,high,44344,5543,G001,Delhi,A11,9165713152,1,0,1,Mumbai,5,4,1
V214,U214,9517658876,bike,4,3,5,minor,low,441605,88321,G003,Mumbai,A11,9315084531,1,1,0,Mumbai,6,4,1
V215,U215,9260808991,bike,1,4,6,minor,medium,41792,32354,G002,Pune,A10,9620276204,0,1,0,Mumbai,2,0,1
V216,U216,9967954190,bike,9,4,0,major,high,25389,16516,G001,Mumbai,A11,9176246098,1,1,1,Pune,7,5,1
V217,U217,9052751311,car,10,3,1,major,low,221070,44214,G002,Pune,A11,9898765536,0,0,1,Pune,2,2,1
V218,U218,9657288022,bike,6,5,1,major,high,111807,12423,G002,Mumbai,A11,9790273211,0,1,1,Mumbai,2,0,1
V219,U219,9969457750,car,5,5,4,minor,low,37705,7541,G002,Delhi,A11,9440282082,0,1,1,Mumbai,1,5,1
V220,U220,9158795448,bike,2,3,0,minor,low,48174,34628,G003,Mumbai,A10,9311556156,1,0,0,Mumbai,3,0,0
V221,U221,9231639236,bike,9,1,0,minor,high,440244,73374,G003,Pune,A11,9318778751,0,1,0,Delhi,3,5,1
V222,U222,9553452088,bike,10,5,2,minor,low,628152,78519,G002,Pune,A11,9133785318,1,1,1,Pune,9,4,1
V223,U223,9930912277,car,8,5,3,major,high,74020,58634,G003,Delhi,A10,9132252543,0,0,0,Delhi,2,0,1
V224,U224,9021263299,bike,8,3,4,minor,medium,95695,89081,G002,Delhi,A10,9263066496,1,1,0,Delhi,1,2,1
V225,U225,9022929496,car,5,3,6,minor,medium,522252,58028,G002,Mumbai,A11,9348446807,0,1,1,Pune,1,3,1
V226,U226,9961108860,car,2,2,5,minor,low,91839,81112,G001,Mumbai,A11,9509747729,0,1,1,Delhi,3,0,1
V227,U227,9052068290,bike,7,2,6,minor,high,90178,76392,G002,Pune,A10,9033549337,0,1,0,Mumbai,2,0,1
V228,U228,9420629791,bike,1,4,3,minor,medium,98483,87987,G003,Pune,A11,9463857994,1,1,1,Mumbai,2,1,0
V229,U229,9986455995,car,10,2,3,minor,high,81757,70578,G003,Delhi,A10,9224185324,1,1,1,Pune,4,0,0
V230,U230,9828797348,car,5,3,5,major,high,87325,78738,G003,Delhi,A11,9460653532,0,1,1,Pune,5,4,1
V231,U231,9835096929,bike,2,2,5,minor,high,222468,55617,G002,Delhi,A11,9161018697,0,0,1,Mumbai,10,3,1
V232,U232,9900372324,car,3,5,2,major,medium,103938,97284,G002,Delhi,A10,9515127343,0,0,0,Delhi,8,4,1
V233,U233,9576128058,bike,3,3,5,major,high,80608,66610,G001,Delhi,A10,9688986583,1,0,1,Mumbai,9,1,0
V234,U234,9528796004,car,6,3,4,minor,high,734220,73422,G002,Delhi,A11,9390807387,0,0,1,Pune,8,3,1
V235,U235,9302504134,car,1,5,5,minor,low,192480,24060,G002,Delhi,A11,9793194373,1,0,0,Mumbai,10,2,1
V236,U236,9730417462,bike,9,5,3,major,high,116160,14520,G002,Pune,A11,9275435972,0,0,1,Delhi,9,1,1
V237,U237,9731967849,bike,10,3,5,major,high,22256,13425,G001,Delhi,A11,9711055059,1,1,1,Pune,9,0,1
V238,U238,9626973379,car,2,3,1,minor,medium,40462,36900,G003,Pune,A11,9844622476,0,0,0,Mumbai,8,3,1
V239,U239,9562507292,bike,5,3,0,major,medium,19512,16097,G001,Delhi,A11,9027114418,0,1,0,Mumbai,6,4,1
V240,U240,9781449298,bike,5,5,6,minor,low,93511,86448,G003,Delhi,A12,9903121601,1,1,1,Pune,4,4,1
V241,U241,9216141557,car,3,3,5,minor,low,152500,30500,G002,Pune,A12,9295610173,1,1,0,Delhi,9,5,1
V242,U242,9699913904,bike,2,2,2,major,high,85638,71741,G001,Delhi,A11,9330044092,1,1,0,Delhi,10,1,0
V243,U243,9454590027,car,7,2,1,major,high,101558,96568,G002,Delhi,A12,9150255075,1,0,0,Pune,8,2,0
V244,U244,9526057238,bike,9,5,6,major,high,639009,71001,G002,Mumbai,A11,9053118999,1,1,1,Delhi,4,2,1
V245,U245,9958451499,car,4,2,3,minor,high,101052,98917,G003,Mumbai,A12,9467105901,1,1,0,Mumbai,6,2,1
V246,U246,9823349950,bike,4,5,4,minor,high,45169,29335,G002,Pune,A12,9551200403,0,1,1,Delhi,3,2,1
V247,U247,9253055664,bike,7,1,0,major,medium,61112,47808,G001,Delhi,A11,9432490592,0,0,0,Delhi,3,0,1
V248,U248,9759947936,car,3,1,6,major,medium,93918,74092,G003,Mumbai,A11,9643871980,1,1,0,Delhi,7,1,1
V249,U249,9419349810,car,5,4,2,minor,high,338922,37658,G002,Delhi,A11,9049114582,1,1,1,Pune,7,1,1
V250,U250,9999999999,car,5,5,5,major,medium,103505,92612,G003,Delhi,A12,9401215613,0,1,0,Delhi,10,0,1
V251,U251,9204790918,bike,4,5,3,minor,low,980620,98062,G002,Mumbai,A11,9101371515,0,1,1,Pune,2,3,1
V252,U252,9247191379,bike,1,5,2,minor,low,24384,19110,G001,Pune,A10,9295899069,1,1,1,Delhi,7,4,1
V253,U253,9919310215,car,10,1,6,minor,low,88219,79635,G001,Pune,A11,9174719159,1,0,0,Mumbai,1,4,1
V254,U254,9262402906,bike,3,2,3,minor,low,619624,77453,G002,Mumbai,A12,9362603599,1,0,0,Pune,7,4,1
V255,U255,9577059914,bike,10,2,5,minor,medium,233640,46728,G002,Mumbai,A11,9540089995,1,0,1,Pune,9,4,1
V256,U256,9334632915,bike,5,5,0,minor,high,86905,77996,G001,Mumbai,A11,9270744139,1,0,1,Mumbai,3,3,0
V257,U257,9761998171,bike,6,4,2,major,medium,28372,24738,G002,Delhi,A12,9970708128,1,1,0,Delhi,4,4,1
V258,U258,9500237147,car,10,4,6,major,high,54662,49189,G002,Mumbai,A10,9422376990,1,0,1,Pune,6,2,0
V259,U259,9622292854,car,7,1,2,minor,low,39355,29793,G003,Delhi,A12,9635646318,1,0,1,Mumbai,6,2,1
V260,U260,9834375322,bike,8,4,6,minor,low,66563,9509,G002,Pune,A11,9049475429,0,1,0,Mumbai,9,3,1
V261,U261,9523854793,bike,4,1,0,major,low,36955,29207,G003,Delhi,A10,9541275147,0,0,0,Pune,7,3,1
V262,U262,9682849587,car,8,3,0,major,medium,45429,43479,G001,Pune,A10,9978055804,1,0,0,Pune,8,4,1
V263,U263,9666842615,car,1,4,3,major,high,93927,86005,G003,Pune,A12,9311613373,1,0,0,Delhi,7,3,0
V264,U264,9182116090,car,9,4,3,minor,low,376075,53725,G002,Mumbai,A11,9965665035,1,1,0,Mumbai,8,5,1
V265,U265,9699837588,car,7,1,4,major,low,68634,55014,G002,Pune,A10,9759181220,1,1,0,Pune,6,4,1
V266,U266,9857430591,bike,8,2,4,major,medium,732080,91510,G003,Pune,A10,9872974574,0,0,0,Pune,10,4,1
V267,U267,9510687161,car,9,4,4,major,low,42628,38041,G001,Mumbai,A12,9089313410,0,0,1,Pune,2,4,0
V268,U268,9568477948,bike,4,4,5,minor,medium,47486,30620,G003,Pune,A10,9679739853,1,0,1,Delhi,3,1,1
V269,U269,9616969552,car,2,5,0,minor,high,49835,33837,G003,Mumbai,A11,9428056278,1,1,1,Delhi,4,3,1
V270,U270,9303452357,car,10,3,6,major,low,39736,38413,G002,Delhi,A10,9010218117,1,1,0,Pune,5,4,1
V271,U271,9191488168,bike,9,2,0,minor,medium,26171,22221,G001,Delhi,A12,9845290115,0,0,1,Mumbai,5,1,1
V272,U272,9862090894,bike,7,4,2,major,medium,562674,93779,G002,Delhi,A10,9398355580,1,1,1,Mumbai,9,1,1
V273,U273,9150105754,car,9,1,4,minor,low,392865,78573,G002,Mumbai,A11,9560611099,1,0,1,Delhi,5,5,1
V274,U274,9410418004,car,3,1,6,minor,high,26877,17366,G003,Delhi,A10,9862919571,0,1,1,Mumbai,5,2,1
V275,U275,9418425424,bike,1,3,5,minor,low,119795,23959,G003,Mumbai,A10,9685464998,0,0,0,Mumbai,10,3,1
V276,U276,9350350651,bike,8,2,1,minor,low,30029,24526,G002,Delhi,A10,9569861902,1,1,1,Delhi,2,0,0
V277,U277,9561075930,car,4,1,6,major,medium,12392,8298,G002,Delhi,A12,9386202096,0,0,1,Mumbai,3,1,1
V278,U278,9985429969,car,2,2,3,major,medium,33144,29201,G001,Mumbai,A11,9028577740,0,1,0,Mumbai,5,4,1
V279,U279,9123943522,bike,9,3,4,major,low,369225,73845,G002,Delhi,A11,9806596285,1,0,1,Pune,3,0,1
V280,U280,9555140391,car,7,3,0,major,high,11290,5846,G003,Mumbai,A12,9855538168,1,1,0,Pune,3,4,1
V281,U281,9655207536,bike,5,4,3,minor,medium,202260,20226,G002,Mumbai,A11,9267867248,1,1,1,Delhi,5,0,1
V282,U282,9626609712,bike,2,1,3,minor,low,71012,70437,G003,Mumbai,A12,9251748880,1,0,1,Pune,7,1,0
V283,U283,9652190285,bike,2,1,4,minor,medium,69067,54240,G002,Mumbai,A12,9124749623,1,1,1,Pune,1,0,0
V284,U284,9694404967,car,2,3,0,major,high,114318,97009,G001,Mumbai,A10,9761144777,0,1,1,Pune,3,4,1
V285,U285,9477387697,bike,2,1,5,major,low,24964,6241,G003,Delhi,A11,9717868255,0,0,1,Pune,1,0,1
V286,U286,9122854011,bike,1,1,1,minor,medium,91971,72922,G002,Pune,A10,9364212431,0,1,0,Mumbai,1,4,1
V287,U287,9736448357,bike,2,4,4,minor,low,690725,98675,G003,Mumbai,A11,9132135467,1,0,1,Mumbai,4,2,1
V288,U288,9875304010,bike,3,3,1,major,high,55161,50899,G002,Delhi,A10,9344898093,0,0,0,Pune,10,4,1
V289,U289,9722093934,car,10,3,4,minor,low,33670,16688,G002,Mumbai,A10,9784740552,0,0,1,Pune,9,5,1
V290,U290,9814809908,car,5,4,2,minor,low,40615,30531,G003,Delhi,A10,9964066564,0,0,0,Mumbai,10,2,1
V291,U291,9516985843,bike,10,1,6,major,low,13288,8201,G003,Delhi,A10,9736267884,1,0,1,Mumbai,1,2,0
V292,U292,9998175662,bike,2,1,4,major,high,26730,26247,G003,Pune,A12,9314700787,1,1,0,Pune,8,1,1
V293,U293,9304313477,car,6,3,4,minor,low,482304,80384,G003,Delhi,A11,9888499172,1,1,1,Pune,7,4,1
V294,U294,9250425045,bike,7,5,2,major,medium,72947,69218,G001,Mumbai,A10,9514408866,0,1,0,Delhi,4,1,1
V295,U295,9088694856,car,6,3,3,major,medium,239436,79812,G002,Mumbai,A10,9220282263,0,1,0,Mumbai,7,4,1
V296,U296,9573191903,car,8,3,1,minor,low,74376,57377,G001,Mumbai,A11,9485269004,0,1,0,Mumbai,6,3,0
V297,U297,9364488948,bike,9,5,6,minor,medium,98173,93112,G003,Pune,A10,9825821875,0,0,0,Pune,5,1,1
V298,U298,9256985250,car,1,2,1,major,medium,322530,32253,G002,Mumbai,A11,9604264242,1,0,0,Pune,7,5,1
V299,U299,9503151429,car,4,3,3,minor,low,531972,88662,G001,Pune,A12,9259037088,0,0,1,Pune,4,1,1
V300,U300,9999999999,bike,8,5,5,major,low,266364,88788,G003,Pune,A10,9077013336,0,1,1,Pune,10,1,1
V301,U301,9933637014,car,3,1,0,major,low,29411,17571,G001,Delhi,A11,9567424278,0,1,0,Pune,9,4,1
V302,U302,9218663707,bike,2,4,5,minor,low,19978,9585,G002,Mumbai,A12,9723280247,0,0,0,Delhi,2,0,1
V303,U303,9460730949,car,8,5,0,minor,high,45832,11458,G002,Mumbai,A11,9103004704,0,1,0,Mumbai,2,0,1
V304,U304,9060497451,car,9,2,5,major,high,32076,26473,G003,Mumbai,A10,9528670247,0,1,1,Delhi,4,1,1
V305,U305,9891571023,bike,3,5,0,minor,high,720120,90015,G001,Delhi,A11,9501704482,0,1,0,Delhi,3,1,1
V306,U306,9686043218,bike,6,3,4,major,high,46640,41291,G003,Mumbai,A10,9340502429,0,1,1,Delhi,8,2,1
V307,U307,9362166130,car,6,3,3,major,low,19496,12149,G001,Pune,A11,9292345409,0,0,0,Mumbai,10,2,1
V308,U308,9949225782,car,1,5,6,minor,low,55160,5516,G002,Pune,A11,9091846937,0,1,1,Mumbai,4,1,1
V309,U309,9319046050,car,9,3,5,minor,low,72130,62744,G003,Delhi,A10,9281945165,1,0,1,Mumbai,6,3,1
V310,U310,9924314858,bike,7,3,3,minor,low,37365,20995,G002,Pune,A10,9576472037,0,0,0,Delhi,5,0,0
V311,U311,9998986310,car,4,1,6,major,medium,71340,61072,G003,Delhi,A11,9773641859,1,1,0,Pune,10,2,1
V312,U312,9652907989,bike,1,2,0,major,low,564810,56481,G002,Mumbai,A11,9021822558,0,0,1,Delhi,6,4,1
V313,U313,9996082217,bike,8,3,5,minor,high,80561,62357,G003,Mumbai,A12,9645247879,0,0,1,Mumbai,1,2,1
V314,U314,9440667447,car,2,2,2,major,high,308616,44088,G002,Delhi,A11,9920967870,0,1,0,Pune,10,5,1
V315,U315,9738599765,car,2,1,0,minor,low,139416,23236,G001,Delhi,A10,9967014535,1,0,1,Mumbai,2,2,1
V316,U316,9607266666,car,7,1,4,major,high,393890,39389,G002,Delhi,A11,9272025937,1,1,1,Pune,9,2,1
V317,U317,9141843602,bike,6,4,1,major,low,46410,9282,G002,Pune,A11,9008176408,1,1,1,Delhi,5,5,1
V318,U318,9345515622,car,9,3,3,major,low,30990,12560,G002,Pune,A10,9187595447,1,1,0,Mumbai,8,2,1
V319,U319,9535698567,car,4,3,5,major,medium,88975,82044,G001,Delhi,A10,9306386691,0,1,0,Pune,5,3,1
V320,U320,9736083913,bike,1,3,0,minor,high,77237,73716,G001,Delhi,A12,9188001923,1,1,0,Delhi,9,1,1
V321,U321,9929246175,car,7,1,2,minor,high,71044,52228,G002,Mumbai,A10,9927772428,1,1,1,Delhi,9,0,1
V322,U322,9373294727,bike,7,3,1,minor,medium,43812,27744,G002,Pune,A10,9301038496,0,0,1,Delhi,9,5,1
V323,U323,9649021276,car,2,3,2,minor,high,65424,21808,G001,Mumbai,A11,9796417373,1,0,0,Mumbai,9,5,1
V324,U324,9166729346,bike,1,2,3,major,medium,447175,89435,G002,Pune,A11,9820535878,1,1,0,Mumbai,6,0,1
V325,U325,9965810442,bike,9,4,4,major,low,244730,48946,G001,Delhi,A10,9664113509,0,0,0,Pune,8,3,1
V326,U326,9874444179,car,3,2,3,minor,low,23662,10150,G003,Mumbai,A12,9245222169,1,1,0,Mumbai,7,1,1
V327,U327,9739056591,car,1,2,0,major,high,95155,80036,G002,Pune,A12,9656963693,1,1,0,Delhi,10,2,1
V328,U328,9350331666,bike,3,5,2,major,medium,219880,27485,G002,Pune,A11,9028072586,1,0,0,Mumbai,4,3,1
V329,U329,9494440934,bike,2,5,5,major,medium,178496,44624,G002,Delhi,A11,9376212606,1,0,1,Pune,6,3,1
V330,U330,9659474956,bike,3,2,6,minor,high,92647,81508,G002,Delhi,A12,9952757864,1,1,0,Delhi,10,4,1
V331,U331,9915618661,car,9,5,1,minor,medium,39012,22502,G002,Mumbai,A10,9118105637,1,0,0,Mumbai,3,3,1
V332,U332,9128169744,bike,2,3,4,major,low,847870,84787,G002,Mumbai,A11,9769344681,0,0,1,Delhi,1,1,1
V333,U333,9879792137,bike,6,1,4,minor,high,114083,98556,G001,Mumbai,A11,9818074700,0,1,1,Mumbai,3,4,1
V334,U334,9085544989,bike,10,5,4,major,low,546920,68365,G002,Mumbai,A11,9099265477,0,1,1,Delhi,10,5,1
V335,U335,9516496923,bike,9,5,6,major,low,493158,82193,G002,Pune,A11,9828145112,1,1,0,Mumbai,5,1,1
V336,U336,9277843230,car,6,2,3,major,high,553761,61529,G002,Pune,A11,9920534867,0,0,0,Mumbai,10,1,1
V337,U337,9827615751,bike,8,1,0,major,low,56061,49393,G001,Pune,A11,9511839408,1,1,0,Mumbai,3,2,1
V338,U338,9627464530,car,9,4,1,minor,medium,70953,56681,G002,Pune,A12,9048079709,0,1,1,Mumbai,8,0,1
V339,U339,9430434851,bike,8,4,4,minor,medium,49893,38030,G002,Delhi,A12,9580365204,1,1,0,Mumbai,1,4,1
V340,U340,9562000641,car,9,2,4,major,low,88416,14736,G002,Delhi,A11,9186751331,0,1,1,Mumbai,6,5,1
V341,U341,9192451034,car,9,2,2,minor,high,93586,75265,G002,Pune,A10,9546042749,0,0,1,Pune,10,5,0
V342,U342,9374412486,car,7,2,1,minor,medium,74540,56300,G001,Pune,A10,9627840900,0,1,1,Delhi,10,2,1
V343,U343,9731139952,bike,8,4,3,minor,medium,73067,59974,G002,Pune,A10,9865682744,1,0,1,Delhi,1,2,0
V344,U344,9349199297,bike,4,4,3,minor,low,85671,66366,G001,Mumbai,A11,9061235555,1,0,1,Pune,2,1,0
V345,U345,9470003481,car,9,3,5,major,low,392344,98086,G002,Mumbai,A11,9621079076,0,1,1,Mumbai,1,4,1
V346,U346,9664331696,car,5,5,4,minor,medium,32444,24656,G002,Delhi,A12,9710371009,0,0,0,Pune,5,4,1
V347,U347,9758991847,bike,9,4,3,major,low,330462,55077,G002,Delhi,A11,9520735325,0,0,1,Delhi,3,2,1
V348,U348,9498631620,bike,5,2,0,major,medium,92770,9277,G002,Pune,A11,9316699673,0,0,0,Mumbai,10,1,1
V349,U349,9460974590,bike,9,1,4,minor,low,136824,17103,G002,Mumbai,A11,9451236659,0,0,0,Delhi,2,5,1
V350,U350,9999999999,car,1,5,1,major,high,74767,67861,G003,Delhi,A11,9061651104,1,1,0,Pune,2,1,1
V351,U351,9311910863,bike,2,4,4,minor,low,52744,46618,G003,Delhi,A10,9406775255,1,0,1,Delhi,4,5,0
V352,U352,9253877676,bike,9,5,4,major,low,449561,64223,G002,Pune,A11,9005422913,1,1,1,Pune,3,3,1
V353,U353,9250452662,car,9,4,0,minor,medium,26379,12374,G003,Mumbai,A10,9591759648,0,0,1,Pune,5,2,1
V354,U354,9929708887,car,9,2,6,minor,medium,564384,70548,G001,Pune,A12,9644613711,1,0,1,Pune,9,4,1
V355,U355,9179191672,car,9,5,0,major,low,540442,77206,G002,Delhi,A11,9519236077,0,1,0,Mumbai,2,4,1
V356,U356,9083161709,car,9,2,2,minor,high,18312,9070,G003,Mumbai,A11,9436156426,1,0,0,Delhi,9,2,1
V357,U357,9079653085,bike,1,2,2,minor,low,335790,67158,G002,Delhi,A12,9530979816,0,0,0,Delhi,6,3,1
V358,U358,9137196345,bike,4,4,3,major,low,122076,30519,G002,Delhi,A11,9277230398,0,0,1,Mumbai,1,5,1
V359,U359,9245122273,car,4,3,6,minor,medium,159100,31820,G003,Pune,A11,9205321411,0,1,1,Delhi,3,3,1
V360,U360,9439065586,car,8,2,5,major,low,649999,92857,G003,Mumbai,A11,9549049051,1,0,1,Delhi,6,3,1
V361,U361,9746039815,bike,10,5,0,major,high,381740,76348,G002,Mumbai,A11,9363260990,0,1,1,Delhi,4,3,1
V362,U362,9029578058,bike,8,5,4,minor,medium,92119,78116,G003,Mumbai,A10,9593641245,1,1,0,Pune,5,5,1
V363,U363,9818190537,bike,2,1,5,major,high,228720,76240,G003,Pune,A11,9380364190,1,1,0,Mumbai,5,4,1
V364,U364,9610002510,car,5,2,4,major,medium,393012,43668,G002,Delhi,A11,9828195005,1,0,0,Pune,6,4,1
V365,U365,9705148968,car,6,3,3,major,medium,53046,52403,G003,Pune,A12,9392343569,0,0,1,Delhi,5,3,1
V366,U366,9117377066,car,8,5,2,major,high,353180,88295,G002,Delhi,A11,9626062608,0,0,0,Mumbai,9,1,1
V367,U367,9086105904,bike,4,3,0,minor,medium,21950,17630,G001,Pune,A10,9922418465,0,0,0,Delhi,8,4,1
V368,U368,9991917828,bike,7,1,3,minor,medium,373125,74625,G002,Delhi,A11,9197047691,0,1,1,Pune,2,4,1
V369,U369,9311340749,car,6,4,1,minor,low,749907,83323,G002,Pune,A11,9890990241,0,0,1,Delhi,3,2,1
V370,U370,9800174534,car,2,2,6,major,low,41745,39707,G001,Pune,A10,9114183710,1,1,0,Delhi,9,0,1
V371,U371,9553915142,bike,4,2,3,major,medium,99162,81642,G002,Mumbai,A10,9073931132,1,0,1,Mumbai,4,3,0
V372,U372,9624932766,bike,7,5,2,major,medium,92451,83185,G002,Mumbai,A10,9215000341,0,0,0,Mumbai,5,1,1
V373,U373,9635820362,bike,2,4,4,minor,high,304004,76001,G001,Pune,A11,9865356612,1,0,0,Mumbai,1,3,1
V374,U374,9837349127,bike,7,3,3,major,high,306664,38333,G003,Delhi,A11,9459285451,1,1,1,Delhi,4,4,1
V375,U375,9006813426,car,10,3,4,minor,medium,433839,61977,G002,Delhi,A11,9555556906,0,1,0,Pune,9,4,1
V376,U376,9024287325,car,6,3,2,major,medium,51195,17065,G003,Pune,A10,9722688035,0,0,0,Pune,5,3,1
V377,U377,9157007582,car,1,2,6,major,medium,57392,41421,G002,Mumbai,A10,9050606178,1,0,0,Pune,1,3,1
V378,U378,9096079450,bike,9,4,3,minor,high,70991,62962,G003,Mumbai,A12,9114960677,1,0,1,Delhi,1,3,0
V379,U379,9393761561,bike,10,5,6,minor,medium,51941,33671,G002,Delhi,A12,9468326366,0,1,0,Delhi,6,1,1
V380,U380,9754897454,bike,8,1,4,minor,medium,27283,10370,G001,Delhi,A11,9438257156,1,1,1,Pune,7,0,1
V381,U381,9935927210,bike,8,2,5,minor,medium,56313,43817,G001,Pune,A10,9066704082,0,1,1,Mumbai,9,0,1
V382,U382,9310527369,car,2,4,0,minor,medium,43013,33645,G001,Mumbai,A10,9074180424,0,1,1,Pune,8,2,1
V383,U383,9546931744,car,4,4,0,minor,high,106948,89934,G003,Mumbai,A12,9174769864,1,0,1,Pune,2,3,0
V384,U384,9703561508,car,2,3,0,minor,medium,487420,48742,G002,Mumbai,A11,9153291774,1,0,1,Delhi,9,0,1
V385,U385,9768174742,car,9,5,3,major,medium,49737,44128,G003,Delhi,A10,9197417987,0,1,0,Delhi,2,2,1
V386,U386,9735116907,bike,3,1,1,minor,low,442248,73708,G002,Delhi,A10,9068824917,0,1,1,Pune,2,5,1
V387,U387,9355493014,car,2,4,4,minor,high,98126,78516,G003,Pune,A10,9251660024,0,1,1,Pune,7,2,1
V388,U388,9160486035,car,2,5,2,minor,high,71418,55272,G001,Mumbai,A10,9253831201,0,1,1,Mumbai,8,5,1
V389,U389,9407741942,bike,1,2,6,major,high,248020,62005,G001,Pune,A10,9842426114,0,1,1,Pune,2,5,1
V390,U390,9432335662,car,4,1,5,minor,medium,105068,26267,G002,Pune,A11,9760381236,0,0,0,Pune,4,0,1
V391,U391,9842919667,bike,9,2,6,minor,high,39729,36485,G002,Pune,A10,9696307812,1,0,0,Mumbai,10,0,0
V392,U392,9298578351,car,5,2,4,major,high,64412,54593,G002,Pune,A10,9131510987,0,0,1,Pune,8,0,0
V393,U393,9756351107,car,5,1,4,minor,high,288477,32053,G002,Delhi,A11,9957917056,0,1,1,Mumbai,9,4,1
V394,U394,9151948904,bike,9,2,1,minor,high,103560,25890,G001,Mumbai,A10,9566660960,1,1,1,Delhi,7,3,1
V395,U395,9469444198,bike,7,4,4,major,low,46551,33205,G002,Mumbai,A10,9985507892,1,1,1,Pune,10,2,1
V396,U396,9640024678,car,2,3,1,major,low,19182,18128,G002,Pune,A10,9854927847,0,1,1,Delhi,7,3,1
V397,U397,9373907825,car,6,5,2,minor,medium,67177,51532,G003,Delhi,A11,9314217613,1,0,0,Delhi,2,3,1
V398,U398,9669241150,bike,2,2,1,major,low,68130,48273,G001,Delhi,A10,9827869117,1,0,0,Delhi,10,0,0
V399,U399,9338393128,bike,8,3,6,major,medium,350238,50034,G002,Mumbai,A10,9899330147,0,1,1,Pune,7,1,1
V400,U400,9999999999,car,4,3,2,minor,high,78943,70560,G002,Pune,A10,9949301543,1,1,1,Mumbai,10,2,0
V401,U401,9300376913,bike,9,3,0,major,medium,133168,33292,G002,Mumbai,A11,9413524171,1,0,0,Delhi,7,4,1
V402,U402,9397516631,bike,4,3,2,minor,medium,858978,95442,G002,Delhi,A11,9009273242,1,1,0,Pune,7,0,1
V403,U403,9092434159,bike,4,4,1,major,medium,38817,26209,G003,Mumbai,A11,9244620567,0,0,1,Mumbai,6,2,0
V404,U404,9211397731,car,8,3,6,major,medium,108086,90513,G001,Mumbai,A10,9805002543,1,0,0,Pune,6,0,1
V405,U405,9125031507,car,5,5,0,major,high,851230,85123,G002,Mumbai,A11,9985240716,0,1,1,Pune,1,1,1
V406,U406,9323421981,car,9,1,3,minor,low,51272,49316,G002,Mumbai,A12,9555744204,1,1,0,Delhi,2,1,1
V407,U407,9071310856,car,8,5,0,minor,medium,63348,53034,G002,Pune,A10,9095200426,0,1,1,Delhi,5,4,1
V408,U408,9118951954,bike,9,2,0,minor,medium,27432,22055,G001,Delhi,A11,9502045202,0,0,1,Pune,5,0,1
V409,U409,9850527046,bike,1,1,3,minor,high,44019,35611,G003,Delhi,A11,9819651860,0,1,0,Delhi,2,4,1
V410,U410,9547221178,bike,10,1,4,major,medium,59160,11832,G001,Delhi,A11,9884912601,1,0,0,Mumbai,2,3,1
V411,U411,9775226986,car,10,4,5,minor,low,65028,16257,G002,Mumbai,A11,9016991738,1,0,0,Delhi,9,2,1
V412,U412,9074483323,bike,6,3,3,minor,medium,80813,80045,G003,Mumbai,A12,9175891481,0,1,0,Mumbai,1,0,1
V413,U413,9651083235,car,3,2,6,minor,low,140428,35107,G002,Delhi,A11,9580831751,1,1,1,Mumbai,4,2,1
V414,U414,9095645671,car,4,4,5,major,high,36651,33243,G001,Delhi,A12,9839261054,0,0,0,Delhi,4,4,1
V415,U415,9184362695,car,4,3,1,major,high,31372,14804,G001,Mumbai,A12,9401108202,1,1,1,Delhi,8,0,1
V416,U416,9704543670,car,4,3,4,major,low,31560,25413,G001,Mumbai,A11,9058266239,0,0,0,Mumbai,6,5,1
V417,U417,9366920271,bike,3,2,0,minor,low,627552,69728,G002,Delhi,A11,9633802961,0,0,0,Pune,3,0,1
V418,U418,9364121611,bike,3,2,1,major,medium,52601,32632,G002,Mumbai,A10,9610624349,0,1,1,Pune,4,2,1
V419,U419,9630780644,bike,2,2,0,major,low,87813,69158,G001,Pune,A12,9594148825,1,1,1,Pune,6,5,0
V420,U420,9549233562,car,6,4,6,minor,high,157025,31405,G002,Mumbai,A11,9240166585,0,0,1,Mumbai,9,3,1
V421,U421,9820790566,car,4,5,2,major,medium,217836,72612,G001,Delhi,A10,9712380026,1,1,0,Mumbai,10,1,1
V422,U422,9261560944,bike,10,4,6,major,low,86704,67701,G001,Delhi,A12,9679945909,1,1,1,Pune,7,0,1
V423,U423,9276045634,car,4,3,1,major,high,27957,17342,G002,Delhi,A10,9135937173,1,0,0,Mumbai,10,0,1
V424,U424,9971905429,car,5,5,5,minor,medium,48304,30763,G001,Delhi,A10,9941045592,0,1,0,Delhi,6,4,1
V425,U425,9535747881,bike,7,2,3,minor,high,152236,21748,G002,Mumbai,A11,9303659886,1,1,0,Mumbai,10,5,1
V426,U426,9206124979,car,9,5,2,minor,low,183728,22966,G002,Delhi,A12,9481459744,0,1,1,Pune,5,3,1
V427,U427,9808401179,bike,4,2,6,major,high,50202,16734,G003,Pune,A11,9839978757,0,0,0,Delhi,8,4,1
V428,U428,9543686151,car,6,1,5,minor,low,140105,20015,G002,Delhi,A11,9668561820,0,0,0,Pune,8,4,1
V429,U429,9281784858,bike,1,2,6,minor,low,73696,57880,G001,Delhi,A10,9965179501,1,1,1,Mumbai,7,0,0
V430,U430,9270383523,car,7,2,5,minor,high,257752,64438,G003,Delhi,A10,9774557495,1,1,1,Delhi,10,3,1
V431,U431,9480816059,car,3,4,3,major,medium,479484,53276,G002,Pune,A11,9824175068,1,0,1,Pune,3,0,1
V432,U432,9093847659,car,4,1,1,minor,medium,30011,13355,G001,Pune,A11,9997047625,1,0,0,Mumbai,1,1,1
V433,U433,9589162718,car,4,5,5,minor,medium,111429,92240,G003,Mumbai,A12,9392734802,1,1,0,Pune,6,3,1
V434,U434,9579937671,car,7,3,0,major,medium,41609,31486,G001,Mumbai,A10,9710740372,1,1,1,Mumbai,7,1,0
V435,U435,9410398456,bike,7,2,3,minor,low,97304,81846,G001,Mumbai,A12,9480550183,1,1,0,Pune,7,4,1
V436,U436,9821763472,bike,8,4,5,minor,medium,285464,35683,G002,Pune,A11,9485690342,1,1,0,Delhi,9,5,1
V437,U437,9576961683,bike,10,1,2,major,medium,18331,9718,G003,Pune,A10,9296444383,1,1,0,Pune,2,2,1
V438,U438,9960695852,car,2,2,4,major,low,48048,12012,G001,Pune,A10,9491009723,0,0,1,Mumbai,4,3,1
V439,U439,9349089744,bike,5,5,6,minor,high,41481,26939,G003,Delhi,A11,9643918724,1,1,0,Delhi,5,4,1
V440,U440,9316327114,car,5,4,1,minor,medium,105885,99959,G002,Pune,A10,9225194389,0,1,0,Mumbai,3,3,1
V441,U441,9278615351,bike,10,4,4,minor,high,379576,94894,G001,Delhi,A10,9165456196,0,0,0,Delhi,1,0,1
V442,U442,9864759918,car,8,5,6,major,medium,53270,47520,G002,Delhi,A12,9108454200,1,0,1,Delhi,6,5,0
V443,U443,9127758786,bike,7,1,2,minor,high,37679,23941,G003,Delhi,A11,9357089226,1,1,0,Mumbai,3,1,0
V444,U444,9558951189,bike,4,2,1,minor,low,92420,82856,G003,Delhi,A10,9282852410,0,1,0,Delhi,4,4,1
V445,U445,9596700709,bike,3,4,4,minor,high,155080,31016,G001,Pune,A11,9474062977,1,0,1,Delhi,3,3,1
V446,U446,9237483199,bike,4,1,4,major,medium,35649,23524,G001,Delhi,A11,9001471166,0,1,0,Delhi,3,4,1
V447,U447,9285718705,car,1,5,2,minor,high,66846,61015,G001,Mumbai,A10,9298696100,0,0,1,Pune,5,1,1
V448,U448,9257022862,car,10,4,4,major,high,101950,20390,G002,Delhi,A11,9507795631,0,1,1,Pune,6,1,1
V449,U449,9071331210,bike,8,5,6,minor,low,400485,80097,G003,Pune,A11,9998242097,1,0,1,Delhi,8,2,1
V450,U450,9999999999,car,2,1,3,major,medium,225006,37501,G002,Mumbai,A11,9273494548,0,0,1,Delhi,2,1,1
V451,U451,9176549208,bike,9,3,6,minor,medium,205800,51450,G001,Pune,A12,9805193185,0,0,0,Pune,8,5,1
V452,U452,9305436161,bike,10,1,2,minor,low,52035,41990,G001,Pune,A10,9934858557,0,1,1,Pune,1,5,1
V453,U453,9225981731,bike,3,4,3,minor,high,12242,9024,G002,Mumbai,A10,9853611758,1,1,1,Mumbai,1,3,0
V454,U454,9929027147,bike,2,3,6,minor,low,24298,7025,G002,Mumbai,A10,9324178184,1,1,0,Mumbai,8,2,1
V455,U455,9553894919,car,1,4,5,minor,low,252000,84000,G001,Pune,A11,9126017509,0,1,0,Mumbai,6,3,1
V456,U456,9293472088,bike,5,3,3,minor,medium,91771,75535,G002,Mumbai,A10,9779543934,1,1,0,Mumbai,10,3,0
V457,U457,9113345030,car,8,4,4,major,medium,30261,15325,G003,Delhi,A11,9770125603,1,0,0,Mumbai,1,4,1
V458,U458,9581553475,bike,9,3,3,minor,high,63431,45521,G001,Pune,A10,9398540836,1,1,0,Mumbai,9,3,1
V459,U459,9747702034,car,5,2,3,major,high,325906,46558,G002,Pune,A11,9209429609,0,0,1,Pune,9,4,1
V460,U460,9418446127,car,1,4,1,minor,high,20180,7984,G001,Pune,A12,9109490434,1,1,0,Pune,7,4,1
V461,U461,9594735691,bike,3,2,4,major,high,66557,62316,G003,Pune,A10,9974709431,1,1,0,Pune,9,0,0
V462,U462,9814814936,bike,10,5,1,minor,high,322868,80717,G003,Mumbai,A11,9040627278,1,1,1,Mumbai,3,4,1
V463,U463,9181930588,bike,9,5,4,minor,medium,29465,16672,G002,Mumbai,A12,9944740159,1,1,1,Pune,5,1,1
V464,U464,9587781820,bike,2,1,3,major,high,82908,20727,G002,Mumbai,A11,9275233003,1,0,0,Mumbai,3,5,1
V465,U465,9537663241,car,1,3,6,minor,low,535899,76557,G002,Delhi,A11,9854577839,0,1,1,Pune,2,2,1
V466,U466,9384897521,bike,5,3,1,major,medium,99579,99139,G002,Pune,A12,9396044053,1,1,1,Pune,2,0,0
V467,U467,9864824937,car,8,5,0,major,medium,243408,40568,G002,Delhi,A11,9905969282,0,1,1,Mumbai,1,2,1
V468,U468,9259903685,car,8,2,1,major,medium,579216,72402,G001,Mumbai,A12,9649849702,0,1,0,Pune,2,3,1
V469,U469,9555101040,car,8,1,5,minor,medium,328725,65745,G002,Delhi,A11,9875642911,0,0,1,Pune,3,2,1
V470,U470,9571416752,bike,9,3,1,minor,high,27311,14729,G002,Pune,A10,9820282759,1,1,0,Mumbai,6,0,1
V471,U471,9561259107,car,3,1,3,major,low,545700,90950,G001,Mumbai,A11,9749255045,0,1,1,Mumbai,3,5,1
V472,U472,9884360088,car,2,1,6,minor,high,66480,49187,G003,Delhi,A11,9967765205,1,1,0,Delhi,9,0,1
V473,U473,9380517964,car,3,1,3,minor,medium,612731,87533,G002,Pune,A11,9996574447,1,1,1,Delhi,3,4,1
V474,U474,9184729904,car,9,3,5,minor,high,930260,93026,G002,Pune,A11,9066787413,0,1,1,Mumbai,2,0,1
V475,U475,9735245416,car,10,5,6,major,medium,668552,83569,G002,Pune,A12,9838343726,1,1,0,Pune,4,2,1
V476,U476,9707302805,bike,8,2,2,minor,high,101076,16846,G002,Mumbai,A11,9132488413,1,1,1,Pune,7,1,1
V477,U477,9536999400,car,8,5,5,major,low,99732,82732,G001,Delhi,A10,9863608971,1,0,0,Pune,10,3,1
V478,U478,9799056718,car,4,2,1,minor,high,19737,5905,G001,Delhi,A12,9063340939,0,0,1,Mumbai,9,0,1
V479,U479,9152394123,car,9,3,2,major,low,64095,61543,G002,Delhi,A12,9952609177,1,1,1,Delhi,4,1,0
V480,U480,9327050605,car,7,1,3,major,low,397860,99465,G002,Mumbai,A11,9050110126,0,1,0,Pune,8,1,1
V481,U481,9645007407,car,7,1,3,minor,medium,18573,17679,G003,Mumbai,A10,9501097172,0,0,1,Mumbai,7,0,1
V482,U482,9165278925,bike,8,4,5,major,high,91084,84202,G002,Mumbai,A12,9826949531,1,0,0,Delhi,6,3,1
V483,U483,9772155197,bike,5,3,4,major,low,74377,60404,G002,Pune,A10,9311986399,1,0,1,Pune,6,0,0
V484,U484,9558732345,bike,5,4,1,minor,medium,536802,76686,G003,Pune,A11,9039437937,1,1,1,Pune,10,3,1
V485,U485,9908393839,bike,6,5,5,minor,high,368592,52656,G003,Delhi,A11,9230014146,1,1,0,Delhi,5,3,1
V486,U486,9746282312,car,8,2,4,major,high,112987,16141,G002,Pune,A11,9458194706,1,0,0,Mumbai,3,5,1
V487,U487,9307595298,bike,10,3,6,major,low,311024,38878,G002,Mumbai,A10,9286434600,1,1,1,Delhi,2,2,1
V488,U488,9822983547,car,1,5,4,minor,high,79604,11372,G001,Pune,A12,9267747672,0,0,0,Pune,7,3,1
V489,U489,9873036878,car,8,4,6,major,high,167324,41831,G002,Pune,A11,9112193195,0,0,1,Mumbai,5,1,1
V490,U490,9980489639,bike,7,1,6,minor,high,58478,8354,G003,Delhi,A11,9383398890,1,1,0,Pune,5,5,1
V491,U491,9915526706,car,2,5,4,minor,medium,118409,99906,G003,Delhi,A11,9679593272,0,1,1,Delhi,7,1,1
V492,U492,9539635306,bike,7,4,5,major,high,59168,57366,G001,Mumbai,A11,9558789641,1,0,1,Pune,2,0,1
V493,U493,9301355402,car,5,4,1,major,high,70720,8840,G002,Mumbai,A11,9904095399,0,0,1,Pune,6,4,1
V494,U494,9614728739,car,9,5,3,major,low,109910,95748,G002,Mumbai,A12,9895087180,1,1,1,Delhi,8,3,0
V495,U495,9485576599,car,7,2,1,major,medium,96557,76673,G002,Delhi,A12,9931203317,1,0,0,Pune,3,3,1
V496,U496,9837522000,car,4,3,1,minor,low,46951,33104,G001,Delhi,A11,9027519542,1,0,0,Delhi,3,4,1
V497,U497,9425364377,bike,1,5,4,major,medium,30053,26917,G002,Delhi,A10,9361382847,0,1,0,Pune,2,4,1
V498,U498,9292080555,bike,7,3,1,minor,low,48001,28240,G001,Pune,A11,9127830035,0,1,0,Pune,8,1,1
V499,U499,9283051685,bike,7,4,3,minor,low,60285,53486,G003,Pune,A12,9279047971,1,0,1,Pune,10,3,0
V500,U500,9999999999,bike,9,3,3,minor,high,325224,36136,G002,Mumbai,A11,9256381680,0,0,1,Delhi,9,0,1
V501,U501,9489640204,bike,10,5,3,major,high,95461,84642,G003,Mumbai,A11,9868130829,1,0,0,Pune,10,4,1
V502,U502,9886691578,car,4,5,2,major,high,102693,90067,G002,Delhi,A10,9263632838,1,0,1,Pune,4,2,0
V503,U503,9611295739,car,1,2,2,major,low,44827,42908,G001,Pune,A11,9884768899,0,1,0,Delhi,4,5,1
V504,U504,9427990162,bike,4,2,6,minor,high,183820,36764,G001,Mumbai,A11,9340616979,0,1,0,Pune,8,0,1
V505,U505,9890484934,car,8,3,1,minor,high,257480,51496,G002,Delhi,A11,9735956462,1,1,1,Delhi,6,1,1
V506,U506,9371899361,bike,3,4,0,minor,low,30262,13006,G001,Mumbai,A12,9395030542,0,0,1,Pune,7,4,1
V507,U507,9424445116,car,2,5,2,minor,medium,445641,63663,G002,Pune,A12,9690920495,1,0,1,Delhi,8,5,1
V508,U508,9550863159,bike,3,1,3,major,low,15946,12683,G001,Mumbai,A10,9473238558,0,0,1,Delhi,2,4,1
V509,U509,9585718744,bike,10,2,5,minor,medium,878450,87845,G002,Pune,A11,9448754999,1,0,1,Mumbai,1,4,1
V510,U510,9808403862,car,2,5,1,minor,medium,207585,69195,G003,Pune,A10,9904640573,1,1,1,Mumbai,3,1,1
V511,U511,9292401121,bike,4,1,1,major,high,448217,64031,G001,Delhi,A10,9626152467,0,1,0,Delhi,6,5,1
V512,U512,9653142260,car,2,3,3,minor,high,86261,85512,G002,Delhi,A10,9471108704,1,1,1,Mumbai,10,3,1
V513,U513,9737668681,bike,3,4,2,minor,medium,58639,50483,G001,Pune,A11,9602763402,0,1,0,Pune,9,0,1
V514,U514,9051812123,car,3,1,4,minor,low,73547,71249,G003,Delhi,A12,9146444804,1,0,1,Mumbai,6,3,1
V515,U515,9558901634,car,10,3,0,minor,medium,45605,35218,G001,Mumbai,A10,9605927516,0,1,0,Pune,10,2,1
V516,U516,9568796428,car,8,2,3,major,medium,15423,11537,G001,Mumbai,A11,9987485159,1,0,0,Delhi,6,1,1
V517,U517,9756243463,car,5,1,4,minor,medium,487232,60904,G003,Mumbai,A11,9449495622,1,1,1,Delhi,7,1,1
V518,U518,9960130602,bike,10,1,6,major,high,31121,21204,G002,Mumbai,A10,9153002024,0,1,0,Delhi,7,4,1
V519,U519,9162601718,bike,2,3,2,minor,low,162420,40605,G002,Delhi,A11,9869271572,0,1,1,Mumbai,7,2,1
V520,U520,9960815396,car,2,5,6,minor,medium,83144,75324,G001,Delhi,A11,9759096922,1,1,0,Pune,8,5,1
V521,U521,9267804558,car,5,4,3,minor,high,97920,96292,G003,Mumbai,A11,9387583179,1,0,1,Delhi,8,2,1
V522,U522,9440433624,bike,8,4,5,minor,low,81630,13605,G003,Pune,A10,9938332211,1,0,0,Delhi,2,0,1
V523,U523,9140261238,bike,8,2,0,major,medium,219272,54818,G002,Delhi,A12,9237572416,0,0,1,Pune,8,0,1
V524,U524,9140838257,car,2,5,5,minor,high,63199,48279,G002,Mumbai,A12,9400558279,0,1,1,Mumbai,6,0,1
V525,U525,9067749381,car,8,1,4,minor,medium,50279,40809,G003,Pune,A11,9280423411,1,1,0,Pune,3,3,1
V526,U526,9451619775,car,6,1,5,major,high,385014,64169,G001,Delhi,A11,9337181602,1,0,1,Delhi,5,2,1
V527,U527,9271806863,car,3,5,4,major,high,290822,41546,G002,Mumbai,A11,9781001297,1,1,0,Delhi,3,5,1
V528,U528,9400903493,bike,9,2,5,major,low,42482,30825,G001,Delhi,A11,9103035434,1,0,0,Pune,3,0,1
V529,U529,9594918098,car,5,4,0,major,medium,89183,81458,G003,Mumbai,A11,9693274309,0,1,0,Mumbai,1,4,1
V530,U530,9395490492,bike,8,2,4,minor,medium,30718,16882,G001,Delhi,A11,9156472754,1,0,1,Mumbai,10,0,0
V531,U531,9383583955,bike,3,5,5,minor,low,38372,18434,G002,Mumbai,A10,9349038074,1,1,1,Pune,7,0,1
V532,U532,9181341176,car,7,1,2,major,high,740655,82295,G002,Pune,A11,9401367224,1,1,0,Pune,6,2,1
V533,U533,9919649946,bike,4,5,1,minor,low,340775,68155,G002,Pune,A11,9912403464,0,0,1,Pune,2,2,1
V534,U534,9845226254,bike,6,4,1,minor,high,116976,98610,G001,Mumbai,A12,9560321923,1,1,0,Delhi,1,2,1
V535,U535,9399905086,bike,4,3,4,major,medium,293230,41890,G002,Delhi,A12,9002520798,0,0,1,Pune,2,0,1
V536,U536,9825627172,bike,5,2,1,minor,high,90353,89921,G003,Delhi,A11,9695057098,1,1,1,Mumbai,8,1,0
V537,U537,9444089500,car,7,5,2,major,high,80661,79502,G003,Delhi,A10,9352281816,1,1,1,Delhi,7,2,0
V538,U538,9677112672,bike,1,2,2,major,low,70354,53523,G002,Pune,A10,9043252000,0,0,1,Mumbai,1,3,1
V539,U539,9295846873,car,10,3,1,major,medium,220965,73655,G003,Mumbai,A11,9997415806,1,1,1,Pune,3,3,1
V540,U540,9222240306,car,7,3,5,major,low,58176,45740,G001,Delhi,A11,9162366857,0,1,0,Pune,6,4,1
V541,U541,9709598508,car,2,5,1,major,high,592856,74107,G002,Pune,A11,9929003163,1,1,0,Pune,1,1,1
V542,U542,9307436042,car,9,2,1,major,high,79288,70044,G001,Mumbai,A11,9551213787,1,1,0,Delhi,6,5,1
V543,U543,9152934406,car,9,5,0,major,low,93452,80385,G003,Pune,A10,9715839236,0,0,1,Mumbai,6,3,1
V544,U544,9159827425,bike,9,5,6,major,high,90942,70947,G001,Pune,A11,9012794951,1,1,0,Mumbai,9,1,1
V545,U545,9451330529,bike,6,2,0,major,high,404408,50551,G002,Delhi,A10,9456604661,0,0,1,Mumbai,6,3,1
V546,U546,9922320180,bike,7,4,5,major,low,108486,15498,G003,Delhi,A11,9298640191,0,0,0,Pune,7,0,1
V547,U547,9825321667,bike,5,5,5,minor,low,455586,75931,G002,Delhi,A11,9086607460,0,0,0,Delhi,3,5,1
V548,U548,9078504188,bike,1,3,1,minor,low,91356,78096,G002,Mumbai,A10,9257688334,1,0,1,Mumbai,4,5,0
V549,U549,9227678445,bike,2,5,0,minor,high,330635,66127,G002,Pune,A11,9000212047,0,0,0,Pune,9,4,1
V550,U550,9999999999,bike,9,2,6,minor,low,27248,6812,G002,Delhi,A10,9730878444,1,0,0,Pune,3,2,1
V551,U551,9364847471,car,10,4,2,minor,low,73832,73515,G001,Delhi,A12,9934172473,1,1,0,Delhi,3,4,1
V552,U552,9805249137,bike,9,1,2,minor,low,620883,68987,G002,Mumbai,A11,9451789708,1,0,1,Delhi,3,3,1
V553,U553,9156983768,car,7,5,1,minor,medium,68778,57105,G002,Pune,A10,9711652631,0,0,1,Pune,10,0,1
V554,U554,9166092501,bike,3,1,6,minor,high,92326,87889,G002,Delhi,A10,9073631002,0,0,0,Delhi,6,5,1
V555,U555,9338493982,car,4,1,6,minor,low,296835,42405,G002,Pune,A11,9143873186,0,1,1,Pune,8,0,1
V556,U556,9998242899,car,1,3,4,major,high,31357,19153,G001,Delhi,A11,9444286429,1,0,0,Delhi,4,4,1
V557,U557,9256087143,bike,4,4,1,major,low,31754,20689,G001,Pune,A10,9064232768,1,0,1,Delhi,4,1,0
V558,U558,9607286849,bike,1,4,0,major,medium,43081,34123,G001,Delhi,A11,9182117791,0,0,1,Pune,6,1,1
V559,U559,9948884262,bike,8,3,5,minor,medium,26870,8982,G001,Pune,A12,9685629109,1,1,1,Pune,10,3,0
V560,U560,9020531997,bike,10,2,4,major,low,84783,28261,G002,Delhi,A10,9378263516,1,1,1,Pune,7,4,1
V561,U561,9440486327,car,2,5,6,major,high,808120,80812,G002,Delhi,A11,9890213197,1,0,1,Mumbai,1,3,1
V562,U562,9244096247,bike,4,3,3,minor,low,70904,58270,G001,Mumbai,A12,9617594360,1,0,1,Pune,5,0,1
V563,U563,9694855408,bike,3,1,4,major,low,39611,31420,G003,Pune,A12,9545810763,0,1,0,Pune,5,2,1
V564,U564,9768704275,bike,8,4,3,minor,low,92105,72999,G001,Pune,A10,9841998333,0,1,1,Delhi,3,0,1
V565,U565,9074603750,bike,2,2,5,minor,high,112203,94101,G001,Pune,A11,9577467594,1,0,0,Delhi,3,5,1
V566,U566,9328800899,car,1,4,2,minor,medium,46980,11745,G001,Mumbai,A12,9115454126,0,1,0,Mumbai,7,5,1
V567,U567,9626583073,car,1,3,4,minor,high,421407,60201,G003,Delhi,A11,9498716100,0,0,0,Pune,10,3,1
V568,U568,9732257751,bike,5,2,1,minor,medium,513646,73378,G002,Pune,A11,9567067173,0,0,1,Delhi,1,0,1
V569,U569,9985691641,car,7,2,4,major,low,100206,90860,G003,Delhi,A11,9015248112,0,1,1,Pune,6,5,0
V570,U570,9548814198,bike,7,4,0,major,high,28406,24653,G001,Delhi,A12,9100611858,0,1,1,Pune,7,0,1
V571,U571,9599814862,car,9,1,2,major,medium,71004,51346,G001,Mumbai,A10,9878425333,0,1,1,Pune,2,2,1
V572,U572,9444511037,car,4,2,5,minor,medium,108139,95237,G002,Delhi,A10,9657595583,0,0,1,Mumbai,1,4,1
V573,U573,9570545456,car,4,1,3,minor,medium,246780,61695,G002,Mumbai,A10,9515452575,0,1,0,Delhi,5,4,1
V574,U574,9324319056,car,1,3,4,major,high,206115,29445,G002,Delhi,A11,9653594373,1,1,0,Mumbai,7,5,1
V575,U575,9863172173,bike,2,1,6,minor,low,22431,20258,G001,Mumbai,A10,9777128490,0,1,1,Delhi,7,5,0
V576,U576,9545370511,car,8,5,2,minor,low,90019,85329,G001,Mumbai,A11,9949730315,0,1,0,Mumbai,5,0,1
V577,U577,9011686227,car,8,3,6,minor,low,403056,67176,G001,Mumbai,A11,9140903577,0,1,0,Pune,4,4,1
V578,U578,9779725777,bike,10,5,4,minor,high,19137,6379,G003,Pune,A11,9109005172,1,1,1,Pune,2,1,1
V579,U579,9332871498,bike,7,3,0,major,medium,81012,71584,G002,Mumbai,A10,9218321591,0,0,0,Mumbai,3,2,1
V580,U580,9565204677,bike,3,3,0,minor,low,238280,23828,G002,Pune,A11,9267679263,0,0,0,Mumbai,8,5,1
V581,U581,9381538654,car,2,4,1,minor,low,101772,84329,G003,Mumbai,A11,9759019906,0,0,0,Delhi,6,1,1
V582,U582,9242470554,bike,7,3,3,minor,high,47166,31215,G001,Delhi,A11,9299904642,0,0,0,Mumbai,1,3,1
V583,U583,9623090831,bike,3,5,5,minor,medium,30550,20205,G002,Pune,A10,9169040597,1,1,0,Mumbai,8,4,1
V584,U584,9413685328,bike,1,5,6,minor,low,305364,50894,G002,Delhi,A11,9272911410,0,1,0,Pune,6,5,1
V585,U585,9933491083,car,6,4,4,major,high,38559,35632,G003,Pune,A11,9430122593,1,1,1,Delhi,4,2,1
V586,U586,9988257302,bike,6,5,0,minor,high,36063,27472,G002,Delhi,A12,9272970301,0,0,1,Delhi,3,5,0
V587,U587,9437437520,bike,5,5,3,major,low,76044,61903,G002,Delhi,A12,9505694048,1,1,0,Mumbai,8,3,1
V588,U588,9727499809,car,7,5,6,minor,low,207396,69132,G001,Delhi,A11,9243328826,0,0,1,Mumbai,10,2,1
V589,U589,9301217599,car,3,5,1,major,low,62852,62724,G002,Delhi,A10,9422703902,1,0,0,Pune,1,0,1
V590,U590,9249746170,car,3,4,3,minor,high,39244,26018,G003,Pune,A11,9009215077,0,1,1,Mumbai,10,0,1
V591,U591,9774499852,car,6,1,0,major,medium,647568,80946,G002,Delhi,A10,9804406440,0,1,0,Pune,10,3,1
V592,U592,9666810571,car,6,1,2,major,medium,71196,63851,G002,Mumbai,A12,9152059084,0,0,0,Mumbai,8,4,1
V593,U593,9226371792,bike,10,1,6,major,high,32145,21004,G002,Delhi,A10,9675875659,0,1,0,Mumbai,10,1,1
V594,U594,9681889151,car,4,5,1,major,high,384858,42762,G002,Delhi,A11,9281352690,1,0,1,Mumbai,10,4,1
V595,U595,9482058222,car,1,5,1,major,high,572216,71527,G002,Delhi,A11,9055097070,1,0,1,Mumbai,8,4,1
V596,U596,9870669526,car,5,1,4,major,medium,168015,56005,G002,Mumbai,A12,9217855643,0,0,0,Delhi,1,3,1
V597,U597,9129808236,car,5,5,2,minor,medium,68387,55067,G001,Mumbai,A11,9102911626,0,0,1,Mumbai,8,5,0
V598,U598,9725629661,bike,3,5,2,minor,medium,92489,92245,G001,Delhi,A11,9649276084,1,0,0,Pune,4,1,1
V599,U599,9436978373,bike,1,4,4,major,medium,105692,86128,G002,Delhi,A12,9572228701,1,1,1,Pune,1,1,1
V600,U600,9999999999,bike,6,5,4,major,low,196728,65576,G003,Mumbai,A10,9603303909,0,0,1,Pune,8,3,1
V601,U601,9500865002,bike,6,4,4,minor,medium,105100,97893,G003,Delhi,A11,9729404765,0,1,1,Mumbai,4,3,1
V602,U602,9018284906,bike,2,2,3,minor,medium,75878,59158,G001,Mumbai,A10,9260591829,0,1,0,Mumbai,7,2,1
V603,U603,9184254612,bike,1,5,1,minor,high,283128,70782,G003,Mumbai,A11,9991062349,1,1,0,Delhi,6,3,1
V604,U604,9626693601,car,5,4,5,minor,high,39474,31121,G002,Mumbai,A12,9655526813,0,0,1,Delhi,10,5,1
V605,U605,9664906441,car,3,3,3,major,medium,39932,30793,G001,Pune,A10,9242144225,1,0,1,Pune,3,4,0
V606,U606,9207250494,bike,1,2,6,major,low,336630,33663,G002,Delhi,A11,9652290930,0,1,1,Mumbai,2,2,1
V607,U607,9714484683,car,1,5,4,minor,medium,467775,93555,G002,Pune,A11,9184468748,1,0,0,Pune,9,1,1
V608,U608,9763416667,car,2,3,6,major,medium,65666,51382,G002,Pune,A10,9934876838,0,1,0,Mumbai,3,1,1
V609,U609,9973179788,bike,7,1,1,minor,low,885620,88562,G002,Mumbai,A11,9355827245,1,1,0,Mumbai,5,4,1
V610,U610,9910386033,bike,1,4,0,minor,low,934350,93435,G002,Pune,A11,9359259629,0,0,0,Delhi,6,3,1
V611,U611,9612912333,car,7,4,5,minor,low,15235,15023,G002,Mumbai,A12,9733199202,0,0,0,Pune,2,2,1
V612,U612,9777748724,bike,9,2,6,minor,high,229980,76660,G003,Pune,A11,9450228440,1,1,0,Pune,4,3,1
V613,U613,9894227360,bike,5,2,2,major,high,263052,43842,G003,Mumbai,A11,9945421292,0,1,0,Pune,8,1,1
V614,U614,9907524321,car,9,4,4,minor,low,253776,63444,G001,Pune,A11,9954645936,0,1,0,Mumbai,4,5,1
V615,U615,9668295125,car,1,3,2,minor,medium,10275,9472,G001,Pune,A11,9741055172,1,0,1,Mumbai,1,0,1
V616,U616,9421185031,car,3,5,6,minor,medium,67106,58906,G002,Mumbai,A10,9923672286,1,0,0,Delhi,10,0,1
V617,U617,9185954393,car,10,4,6,major,medium,89723,79807,G001,Pune,A10,9243786287,1,0,0,Delhi,4,0,1
V618,U618,9143389307,bike,3,2,4,minor,high,55666,35702,G002,Delhi,A12,9451630358,0,0,0,Delhi,2,5,1
V619,U619,9544585084,bike,1,4,1,major,high,64061,56007,G001,Pune,A12,9997663582,0,0,1,Pune,8,2,1
V620,U620,9424049953,car,4,5,3,major,medium,547336,68417,G001,Pune,A12,9991454941,0,1,0,Mumbai,4,5,1
V621,U621,9390918068,bike,4,3,0,minor,high,272424,45404,G002,Pune,A11,9349579844,1,0,0,Pune,1,5,1
V622,U622,9493090173,bike,6,3,5,minor,high,28193,14802,G001,Pune,A11,9458254579,1,0,1,Pune,4,3,0
V623,U623,9325307853,car,6,4,2,major,medium,532269,59141,G002,Mumbai,A11,9572609046,1,0,1,Pune,10,4,1
V624,U624,9044177557,car,5,2,0,major,high,97753,90441,G002,Mumbai,A10,9076895750,0,0,0,Pune,5,4,1
V625,U625,9115061417,car,3,3,4,minor,medium,878373,97597,G002,Mumbai,A11,9768588376,0,0,0,Pune,10,1,1
V626,U626,9996474323,bike,6,2,0,minor,high,58800,9800,G002,Delhi,A11,9027131886,0,0,1,Pune,9,3,1
V627,U627,9766746274,car,6,2,4,minor,low,61354,48513,G002,Mumbai,A12,9530999622,0,0,0,Mumbai,5,1,1
V628,U628,9059504293,bike,5,2,4,major,high,61973,43706,G001,Mumbai,A10,9281979838,0,0,1,Mumbai,10,0,1
V629,U629,9913692262,car,5,2,4,major,low,298670,29867,G002,Pune,A11,9583323933,1,1,0,Mumbai,2,1,1
V630,U630,9231037923,car,8,4,5,minor,low,68053,57613,G002,Pune,A12,9283258954,1,1,0,Delhi,1,5,1
V631,U631,9845737082,bike,1,2,4,major,low,43864,25316,G003,Delhi,A11,9173041761,1,1,0,Pune,5,1,0
V632,U632,9092020938,car,3,3,0,minor,medium,83195,70635,G002,Mumbai,A10,9348158233,0,0,1,Delhi,2,0,1
V633,U633,9110478470,bike,8,2,0,minor,high,192695,38539,G002,Pune,A11,9763042171,0,0,1,Pune,5,0,1
V634,U634,9594197772,car,4,5,2,major,high,374154,62359,G001,Pune,A11,9523970875,1,1,1,Mumbai,9,0,1
V635,U635,9744756536,bike,3,1,3,minor,high,76788,19197,G002,Pune,A11,9562401344,0,0,0,Delhi,1,4,1
V636,U636,9857314302,car,6,1,5,minor,low,68836,64116,G001,Mumbai,A11,9892073114,1,0,0,Delhi,9,0,1
V637,U637,9000327243,car,3,5,2,minor,medium,103469,90108,G002,Delhi,A12,9657530399,0,1,0,Mumbai,8,5,1
V638,U638,9847475863,bike,4,5,4,major,low,84690,76249,G003,Mumbai,A11,9614170020,1,1,0,Mumbai,1,0,0
V639,U639,9708435734,bike,5,1,3,major,high,37081,29830,G001,Pune,A11,9819471073,1,1,0,Pune,9,2,0
V640,U640,9989374658,bike,6,1,0,major,high,15669,12498,G001,Pune,A10,9669315267,1,1,0,Delhi,4,3,1
V641,U641,9262811308,car,10,1,3,minor,high,99047,88083,G003,Mumbai,A11,9486478653,0,0,1,Pune,5,1,1
V642,U642,9196676943,car,2,3,0,minor,medium,466443,51827,G002,Delhi,A11,9106002102,0,1,1,Pune,5,4,1
V643,U643,9561476442,car,1,1,2,minor,low,93681,83716,G002,Mumbai,A10,9498109717,0,1,0,Pune,1,2,1
V644,U644,9994439670,bike,6,2,1,major,high,538700,53870,G002,Pune,A11,9905650110,0,0,1,Pune,7,2,1
V645,U645,9012285242,car,10,2,0,major,medium,85869,77772,G001,Mumbai,A11,9027297047,1,0,0,Mumbai,1,1,1
V646,U646,9845345240,bike,1,2,3,minor,medium,80879,75223,G003,Delhi,A11,9979863507,0,0,0,Delhi,7,5,0
V647,U647,9872952297,bike,4,1,3,major,low,134470,19210,G002,Mumbai,A11,9842632945,1,0,1,Pune,7,4,1
V648,U648,9825298769,car,10,4,5,minor,low,48955,47717,G001,Mumbai,A11,9533701746,1,1,1,Delhi,3,3,0
V649,U649,9970566518,car,7,5,2,major,low,109982,99325,G002,Pune,A12,9011765588,1,0,0,Mumbai,10,5,1
V650,U650,9999999999,car,10,5,2,major,low,353910,58985,G002,Pune,A11,9297220418,0,0,0,Pune,4,1,1
V651,U651,9304708859,bike,1,2,2,major,medium,171846,19094,G002,Delhi,A11,9877005455,1,1,1,Delhi,6,2,1
V652,U652,9810127268,bike,2,3,0,major,low,342170,68434,G002,Pune,A11,9140536522,1,1,1,Mumbai,7,1,1
V653,U653,9364866968,car,4,4,4,minor,high,17237,13857,G001,Pune,A11,9054746535,1,0,1,Mumbai,5,4,0
V654,U654,9186730570,bike,2,3,1,minor,high,68695,51675,G002,Mumbai,A12,9058299842,1,0,0,Delhi,6,3,1
V655,U655,9059396693,car,9,2,1,minor,medium,250503,83501,G003,Mumbai,A12,9382690839,0,0,0,Pune,2,0,1
V656,U656,9984975432,car,2,2,0,minor,high,242208,80736,G003,Delhi,A11,9409129657,1,1,0,Mumbai,3,3,1
V657,U657,9466821266,car,3,4,6,major,medium,96260,82451,G002,Mumbai,A12,9212237747,1,1,1,Delhi,5,0,1
V658,U658,9150802319,car,7,1,1,minor,low,100167,89963,G002,Delhi,A10,9230418315,0,1,1,Mumbai,2,3,1
V659,U659,9421005167,bike,1,1,4,minor,high,35039,16575,G002,Pune,A10,9379483778,0,0,0,Delhi,4,5,1
V660,U660,9049312132,bike,10,4,1,minor,high,220592,27574,G002,Pune,A11,9055816581,1,0,1,Mumbai,3,1,1
V661,U661,9745784998,car,4,5,1,minor,high,675270,67527,G002,Mumbai,A11,9244045136,1,1,1,Mumbai,1,5,1
V662,U662,9086519321,car,8,2,6,minor,medium,91449,86630,G002,Pune,A10,9956602886,1,1,0,Mumbai,3,4,1
V663,U663,9074993577,bike,6,2,6,major,medium,388510,38851,G002,Delhi,A11,9454491072,1,1,0,Mumbai,3,2,1
V664,U664,9532668184,car,7,5,6,major,medium,73444,18361,G002,Mumbai,A11,9019294040,1,1,0,Pune,9,5,1
V665,U665,9913631581,car,10,2,2,major,medium,379053,42117,G002,Pune,A11,9739675736,0,0,1,Mumbai,1,1,1
V666,U666,9573715327,car,10,4,4,major,low,222096,31728,G002,Pune,A11,9135774775,1,1,0,Mumbai,7,2,1
V667,U667,9371381471,bike,3,3,2,minor,medium,112145,92221,G002,Pune,A10,9134941698,1,0,1,Mumbai,10,2,1
V668,U668,9845020069,bike,2,4,6,major,low,14890,13357,G002,Pune,A12,9970991754,1,1,1,Pune,3,1,0
V669,U669,9926199401,car,9,4,5,major,medium,64661,63206,G001,Mumbai,A10,9045814332,1,1,0,Pune,3,2,1
V670,U670,9104220464,car,3,1,2,major,high,33899,27659,G003,Pune,A11,9703627363,1,1,0,Pune,5,4,0
V671,U671,9391649323,bike,10,2,6,minor,high,31415,29143,G003,Delhi,A12,9100780572,1,0,0,Mumbai,5,5,1
V672,U672,9904266364,bike,10,2,0,major,medium,372855,74571,G002,Mumbai,A11,9871982453,0,0,1,Delhi,7,1,1
V673,U673,9739704681,bike,10,3,6,major,medium,103686,86792,G001,Delhi,A10,9512765794,0,0,1,Pune,9,5,0
V674,U674,9767837622,bike,6,5,3,minor,low,182544,22818,G001,Delhi,A11,9523984663,0,1,0,Delhi,2,2,1
V675,U675,9005728053,bike,2,4,4,minor,high,329764,82441,G002,Mumbai,A11,9060559814,1,0,1,Delhi,1,0,1
V676,U676,9276190169,bike,2,5,0,minor,high,92068,84019,G001,Delhi,A11,9496739989,0,1,0,Delhi,10,5,1
V677,U677,9875418244,car,1,4,3,minor,high,69228,68876,G002,Delhi,A12,9522893882,1,0,0,Mumbai,3,3,0
V678,U678,9615150560,bike,4,4,0,major,low,323811,35979,G002,Mumbai,A11,9879717813,0,1,0,Delhi,10,1,1
V679,U679,9357322614,car,8,4,3,minor,low,538020,76860,G001,Mumbai,A11,9680352268,0,0,1,Mumbai,1,5,1
V680,U680,9524855093,car,7,2,4,minor,low,26882,24896,G001,Delhi,A11,9902478382,1,1,1,Pune,3,2,0
V681,U681,9499967160,bike,8,2,3,major,medium,368628,61438,G002,Delhi,A11,9507671575,0,1,0,Pune,8,2,1
V682,U682,9873021482,bike,2,2,1,major,high,46293,38429,G001,Mumbai,A10,9297430198,1,0,0,Pune,7,5,1
V683,U683,9326009538,car,1,5,0,minor,high,62794,54072,G002,Pune,A10,9025078502,0,1,1,Mumbai,6,1,0
V684,U684,9534515388,car,7,2,0,major,high,238890,79630,G003,Mumbai,A10,9286324420,0,0,1,Mumbai,4,2,1
V685,U685,9075809885,bike,3,4,3,minor,high,106612,26653,G002,Pune,A10,9571354842,0,1,0,Delhi,8,0,1
V686,U686,9391878290,car,8,5,3,minor,medium,53248,37576,G002,Pune,A12,9995883400,1,1,1,Pune,4,2,0
V687,U687,9284565463,car,5,5,6,major,medium,103065,98039,G001,Delhi,A11,9916284260,0,0,1,Mumbai,7,2,1
V688,U688,9689433433,bike,1,1,4,major,medium,91412,76932,G003,Delhi,A10,9964685150,1,0,0,Delhi,1,2,1
V689,U689,9602855297,bike,3,5,3,minor,medium,60769,45088,G001,Pune,A11,9375618155,1,0,1,Delhi,10,5,0
V690,U690,9615117368,car,10,3,3,minor,medium,328584,41073,G001,Pune,A11,9672741545,0,1,0,Mumbai,5,1,1
V691,U691,9463802881,car,8,1,3,major,medium,100158,98898,G001,Mumbai,A11,9610819000,1,1,0,Delhi,5,3,1
V692,U692,9449030180,car,10,3,4,minor,low,32666,23152,G002,Pune,A10,9746156063,0,1,0,Mumbai,8,0,1
V693,U693,9299670569,car,5,2,1,minor,low,203202,33867,G002,Mumbai,A12,9979951239,1,1,0,Mumbai,9,3,1
V694,U694,9114340316,car,2,5,6,major,high,40713,27055,G003,Delhi,A11,9794242050,0,1,0,Pune,1,3,1
V695,U695,9299037646,bike,4,2,1,major,medium,23978,19689,G001,Pune,A12,9073108293,1,1,0,Delhi,3,1,1
V696,U696,9993639419,car,10,2,0,major,medium,79330,76787,G001,Pune,A11,9406323721,0,0,0,Delhi,4,0,1
V697,U697,9026005618,car,1,4,3,minor,high,38460,21707,G001,Delhi,A11,9599466357,1,0,0,Mumbai,2,3,1
V698,U698,9987653607,bike,4,4,6,major,low,35465,31068,G003,Mumbai,A12,9721358399,1,1,0,Mumbai,2,1,0
V699,U699,9541547161,bike,2,3,5,minor,medium,100467,80858,G001,Delhi,A11,9209465774,1,1,0,Pune,6,0,1
V700,U700,9999999999,car,2,5,1,major,medium,272986,38998,G001,Mumbai,A11,9415353846,0,0,0,Pune,1,2,1
V701,U701,9384831559,bike,7,4,0,minor,high,49678,48091,G002,Delhi,A10,9303488854,1,0,0,Mumbai,9,2,1
V702,U702,9027797152,car,9,2,1,minor,medium,105075,96489,G002,Mumbai,A10,9787689147,0,0,1,Pune,8,4,1
V703,U703,9120155478,bike,1,4,1,major,low,97445,84400,G003,Pune,A11,9343425771,0,0,1,Delhi,5,0,1
V704,U704,9878395106,car,1,5,4,major,low,79141,66524,G001,Delhi,A12,9401253037,1,1,1,Pune,3,4,0
V705,U705,9096443932,bike,8,4,1,minor,medium,95157,79274,G001,Mumbai,A11,9731996752,0,1,0,Delhi,7,2,1
V706,U706,9475671239,bike,9,4,2,major,low,19347,6449,G003,Delhi,A11,9808371027,1,1,0,Mumbai,1,1,1
V707,U707,9365363605,bike,9,1,6,major,high,345624,86406,G001,Delhi,A10,9910448014,1,1,0,Delhi,1,4,1
V708,U708,9544836423,bike,2,3,6,major,medium,57914,38114,G003,Pune,A11,9376247207,1,1,1,Pune,8,1,1
V709,U709,9181829413,car,3,5,5,major,medium,296019,32891,G002,Delhi,A11,9237357547,1,1,1,Delhi,4,1,1
V710,U710,9191987639,car,5,4,2,minor,high,145860,36465,G002,Mumbai,A11,9118618706,0,1,1,Pune,9,1,1
V711,U711,9877307442,bike,7,3,1,major,high,107208,91114,G001,Pune,A12,9451102228,0,1,0,Delhi,1,4,1
V712,U712,9136746447,bike,8,3,6,minor,high,117205,23441,G002,Mumbai,A11,9404564595,1,0,0,Delhi,8,1,1
V713,U713,9825498989,car,7,3,1,minor,low,469458,78243,G001,Delhi,A11,9690426186,0,0,0,Pune,5,4,1
V714,U714,9478304736,bike,7,1,4,major,high,339504,42438,G002,Pune,A11,9357295844,0,1,0,Mumbai,10,3,1
V715,U715,9823504082,car,4,3,6,major,high,72033,55457,G001,Pune,A12,9359721948,1,0,0,Pune,9,3,1
V716,U716,9861886746,bike,2,3,1,minor,low,563808,93968,G002,Delhi,A11,9479223037,1,1,0,Mumbai,8,1,1
V717,U717,9090536722,bike,2,1,5,minor,high,102421,93087,G003,Mumbai,A12,9665171788,0,1,1,Pune,8,3,1
V718,U718,9086997620,bike,8,5,1,minor,high,412758,45862,G002,Mumbai,A11,9930814702,1,0,0,Delhi,2,0,1
V719,U719,9446086026,bike,1,5,3,major,medium,27548,22901,G001,Mumbai,A10,9069138935,1,0,1,Mumbai,3,4,0
V720,U720,9107942755,car,1,3,4,major,medium,73836,65042,G003,Mumbai,A11,9559378117,0,0,0,Delhi,10,4,1
V721,U721,9765508088,car,4,1,4,minor,high,70009,63874,G001,Pune,A10,9573007216,0,1,1,Pune,8,5,1
V722,U722,9536929283,car,8,4,1,major,medium,97898,82509,G001,Mumbai,A12,9289028940,0,1,1,Mumbai,3,4,0
V723,U723,9378527192,car,4,4,1,minor,low,71871,62565,G001,Delhi,A12,9001496053,0,0,1,Pune,3,1,1
V724,U724,9936715469,car,1,3,5,minor,high,342730,68546,G003,Pune,A11,9800286409,0,0,1,Mumbai,8,2,1
V725,U725,9597482150,bike,4,1,3,major,medium,12007,6752,G001,Mumbai,A11,9150496579,0,0,0,Mumbai,1,2,1
V726,U726,9332527750,bike,6,1,0,major,medium,569680,71210,G001,Delhi,A11,9781357850,1,1,0,Mumbai,6,2,1
V727,U727,9477022334,car,2,2,2,minor,high,22129,21616,G001,Delhi,A11,9763644501,0,1,1,Delhi,10,3,1
V728,U728,9245608609,car,3,4,3,major,low,434590,43459,G002,Mumbai,A11,9009053395,0,0,0,Mumbai,1,0,1
V729,U729,9021091795,bike,5,4,4,minor,high,196965,21885,G002,Mumbai,A11,9186223021,1,0,0,Pune,8,2,1
V730,U730,9343301004,bike,8,2,3,major,medium,255486,36498,G002,Pune,A11,9603782515,0,1,0,Pune,6,2,1
V731,U731,9346478036,bike,2,5,1,minor,medium,273762,30418,G002,Delhi,A11,9773594097,0,1,1,Mumbai,3,1,1
V732,U732,9814488437,bike,2,1,3,minor,medium,96818,78973,G002,Pune,A12,9555661971,1,1,0,Mumbai,9,4,1
V733,U733,9154083637,bike,6,5,3,major,medium,65699,48640,G003,Delhi,A10,9185028248,0,0,1,Pune,6,3,1
V734,U734,9889107347,bike,1,5,1,major,low,59056,14764,G002,Pune,A11,9657229484,1,1,0,Delhi,7,5,1
V735,U735,9767801467,bike,6,1,3,major,low,72962,70236,G002,Mumbai,A10,9217549625,1,1,1,Mumbai,9,5,0
V736,U736,9214975428,bike,1,3,4,major,medium,190696,47674,G002,Mumbai,A11,9338846171,0,0,0,Delhi,2,3,1
V737,U737,9204412755,car,5,2,4,major,medium,870480,87048,G002,Delhi,A11,9358643344,0,1,1,Pune,10,3,1
V738,U738,9863188499,bike,10,3,4,major,low,655528,81941,G002,Mumbai,A11,9489128180,0,1,1,Delhi,8,4,1
V739,U739,9610591076,bike,5,1,0,major,high,44220,37446,G001,Pune,A10,9362509438,0,1,1,Delhi,10,2,1
V740,U740,9517316105,bike,2,4,5,major,high,81270,70063,G001,Pune,A10,9585206993,1,1,0,Delhi,4,5,1
V741,U741,9835531877,bike,3,5,1,minor,high,274014,91338,G001,Delhi,A11,9025008400,0,0,1,Pune,2,3,1
V742,U742,9929445054,bike,2,2,4,minor,high,38488,27220,G003,Pune,A10,9997826573,1,0,0,Pune,6,0,1
V743,U743,9276217730,car,7,5,0,major,low,86142,80728,G002,Pune,A12,9649541973,0,0,1,Pune,2,4,1
V744,U744,9708745329,bike,10,2,4,major,low,291040,72760,G002,Delhi,A11,9607806593,0,0,1,Pune,1,5,1
V745,U745,9206631595,car,1,2,1,minor,high,75588,12598,G002,Mumbai,A11,9744550801,0,0,0,Delhi,8,0,1
V746,U746,9484587147,car,3,1,5,minor,low,32167,25722,G003,Pune,A11,9052002383,0,1,1,Delhi,5,5,1
V747,U747,9484356279,car,5,3,1,major,low,73509,61948,G002,Pune,A10,9475098111,1,0,1,Mumbai,3,0,1
V748,U748,9115827116,bike,7,5,4,major,low,46709,35857,G002,Mumbai,A12,9769478616,1,1,1,Mumbai,10,4,0
V749,U749,9677450297,car,7,5,5,minor,high,66396,62618,G002,Delhi,A10,9352591986,0,0,1,Mumbai,10,3,1
V750,U750,9999999999,car,7,3,6,minor,high,416808,59544,G001,Pune,A10,9909390033,0,0,1,Pune,6,1,1
V751,U751,9570460966,car,6,5,4,minor,medium,91238,79521,G003,Delhi,A11,9599366455,1,1,0,Mumbai,4,1,1
V752,U752,9126328856,bike,1,2,1,minor,medium,96901,79988,G001,Delhi,A10,9837416579,0,1,0,Delhi,9,0,1
V753,U753,9232116636,bike,5,5,2,major,high,73395,65337,G002,Delhi,A12,9067364499,0,1,0,Mumbai,8,2,1
V754,U754,9612008805,bike,1,2,0,minor,low,84302,64540,G002,Mumbai,A12,9593977300,0,1,1,Delhi,8,2,1
V755,U755,9821357350,bike,4,1,0,major,high,110124,95769,G002,Mumbai,A10,9052097839,0,0,0,Mumbai,1,1,1
V756,U756,9823924879,bike,4,4,6,minor,low,71090,7109,G002,Delhi,A11,9852418365,0,0,1,Delhi,10,5,1
V757,U757,9617920093,car,5,3,3,minor,low,61299,8757,G002,Delhi,A10,9427575916,1,0,1,Pune,6,4,1
V758,U758,9542616719,car,3,5,6,major,medium,109740,21948,G002,Delhi,A11,9677387611,0,0,1,Mumbai,7,5,1
V759,U759,9919468913,car,5,3,2,minor,high,317375,63475,G003,Delhi,A11,9345097761,0,1,0,Pune,3,1,1
V760,U760,9811130012,car,3,2,4,minor,medium,28268,14731,G001,Delhi,A11,9135698436,1,1,0,Delhi,1,0,1
V761,U761,9641935105,car,4,5,4,minor,medium,405258,67543,G001,Pune,A12,9818424523,1,0,0,Pune,8,2,1
V762,U762,9586400080,bike,4,2,0,major,low,25582,11075,G001,Mumbai,A12,9487221316,0,1,0,Pune,2,3,1
V763,U763,9371105749,car,6,5,1,major,medium,403432,50429,G002,Pune,A11,9110687464,1,0,0,Mumbai,9,4,1
V764,U764,9650432454,car,4,4,2,major,low,110160,90356,G002,Pune,A10,9256663231,0,0,1,Mumbai,9,0,1
V765,U765,9241097430,bike,9,3,3,minor,high,8236,6762,G001,Pune,A10,9327595004,1,0,1,Delhi,6,0,0
V766,U766,9196081688,bike,4,1,6,minor,low,396784,49598,G002,Pune,A11,9827755366,1,1,0,Pune,9,2,1
V767,U767,9055988150,car,9,3,6,major,high,438462,73077,G003,Delhi,A11,9589075118,1,0,0,Delhi,7,1,1
V768,U768,9951422525,car,3,4,3,minor,high,22026,16753,G003,Delhi,A12,9097919349,0,0,0,Delhi,8,1,0
V769,U769,9671082747,bike,6,3,5,minor,medium,14751,12443,G001,Mumbai,A11,9007811122,0,1,1,Delhi,4,0,1
V770,U770,9990988485,car,8,2,0,minor,high,235616,29452,G001,Mumbai,A11,9714238903,0,1,0,Delhi,5,2,1
V771,U771,9502343622,car,4,3,2,minor,low,580986,82998,G003,Mumbai,A10,9374884419,0,1,1,Delhi,3,5,1
V772,U772,9699174370,car,9,1,0,minor,medium,28360,27772,G002,Delhi,A10,9447680877,1,0,1,Delhi,3,1,0
V773,U773,9101879329,car,10,3,2,major,medium,393084,98271,G002,Delhi,A11,9108768750,0,0,0,Pune,2,2,1
V774,U774,9085335664,bike,4,1,4,major,low,28697,19694,G003,Delhi,A10,9511510510,1,1,0,Pune,9,2,0
V775,U775,9073794856,car,2,4,3,minor,low,67273,51983,G002,Pune,A12,9276411285,0,0,1,Mumbai,8,4,1
V776,U776,9077341882,bike,2,1,2,minor,low,188804,47201,G002,Mumbai,A11,9339833840,0,1,1,Delhi,1,5,1
V777,U777,9539227670,bike,4,1,2,minor,high,272910,54582,G002,Delhi,A10,9283226610,1,0,1,Pune,4,4,1
V778,U778,9742059576,bike,7,5,0,major,high,23264,17523,G003,Pune,A10,9062668800,1,0,1,Delhi,5,1,0
V779,U779,9136928804,bike,6,2,0,major,medium,619500,88500,G002,Mumbai,A11,9912829251,1,1,0,Pune,7,3,1
V780,U780,9772839876,bike,8,2,4,minor,high,217260,72420,G002,Delhi,A10,9286498036,1,1,0,Delhi,2,0,1
V781,U781,9764942204,bike,3,3,2,major,high,11088,9543,G001,Delhi,A10,9604756918,1,0,1,Pune,10,1,0
V782,U782,9677500914,bike,3,4,1,minor,high,83395,71827,G002,Mumbai,A12,9249135483,1,0,0,Mumbai,4,4,1
V783,U783,9454813724,bike,1,5,1,minor,high,25786,23115,G001,Mumbai,A11,9341920635,1,1,0,Mumbai,10,1,1
V784,U784,9634484310,car,10,3,0,major,high,197519,28217,G002,Mumbai,A11,9254721632,1,1,0,Mumbai,10,4,1
V785,U785,9883610070,bike,3,1,5,minor,low,111262,96878,G001,Delhi,A11,9659980388,1,0,0,Delhi,10,0,1
V786,U786,9776645955,bike,8,5,3,minor,low,78564,60322,G003,Delhi,A10,9414494217,1,1,0,Delhi,4,5,1
V787,U787,9661987808,car,8,3,5,minor,medium,524466,87411,G002,Mumbai,A11,9829497959,0,1,0,Pune,5,3,1
V788,U788,9626370646,car,5,3,2,minor,low,28308,21615,G001,Pune,A10,9028787499,0,1,1,Pune,6,5,0
V789,U789,9655533499,bike,8,3,2,minor,high,29538,16619,G002,Mumbai,A12,9906409622,1,1,0,Mumbai,1,0,0
V790,U790,9388921141,bike,10,5,0,minor,low,755088,94386,G003,Delhi,A11,9735453758,0,1,0,Mumbai,5,5,1
V791,U791,9876080371,car,6,4,6,minor,medium,36022,32219,G001,Delhi,A12,9500313761,1,1,1,Mumbai,9,5,1
V792,U792,9926329824,car,5,3,5,minor,medium,255615,85205,G001,Pune,A10,9771251756,1,0,1,Pune,6,1,1
V793,U793,9113158210,bike,7,5,1,minor,low,61206,49293,G003,Delhi,A11,9027594645,0,1,0,Mumbai,5,4,1
V794,U794,9719338657,car,5,5,6,minor,low,61126,54609,G001,Pune,A10,9594849884,0,1,1,Delhi,7,1,1
V795,U795,9195877638,bike,7,4,2,minor,medium,63748,51118,G001,Mumbai,A11,9723331141,0,0,1,Pune,10,0,1
V796,U796,9746218063,bike,7,3,5,minor,high,383676,63946,G002,Mumbai,A11,9999167505,1,1,1,Delhi,8,0,1
V797,U797,9088472145,bike,10,3,2,major,high,574161,82023,G002,Mumbai,A11,9315796380,0,0,0,Delhi,8,3,1
V798,U798,9744560416,bike,10,2,4,minor,high,91687,81372,G003,Delhi,A11,9806854890,0,0,1,Pune,3,4,1
V799,U799,9103652909,car,8,4,2,major,medium,289870,41410,G002,Pune,A11,9012465801,1,0,1,Pune,10,4,1
V800,U800,9999999999,car,1,3,0,minor,medium,514560,85760,G002,Delhi,A10,9747985161,1,1,1,Mumbai,5,5,1
V801,U801,9251386597,bike,1,2,1,major,high,77205,60346,G001,Delhi,A11,9779612819,1,0,0,Pune,8,5,1
V802,U802,9942226180,bike,4,4,5,major,high,28007,9332,G001,Pune,A11,9029149259,1,0,0,Mumbai,4,1,1
V803,U803,9390322204,bike,1,4,4,major,medium,77733,74290,G002,Delhi,A10,9685074614,1,1,0,Mumbai,4,5,1
V804,U804,9044084573,bike,8,1,2,major,medium,245622,81874,G001,Delhi,A10,9148358863,0,0,0,Mumbai,5,5,1
V805,U805,9221343289,car,7,5,4,minor,low,107279,92532,G003,Delhi,A11,9739198674,1,1,1,Mumbai,8,4,1
V806,U806,9462820963,bike,4,2,6,major,high,186476,46619,G003,Mumbai,A11,9437186466,0,0,1,Pune,9,0,1
V807,U807,9258065547,bike,8,2,3,major,low,75454,67675,G001,Mumbai,A11,9333079005,0,1,1,Mumbai,9,2,1
V808,U808,9254970054,car,1,4,0,minor,medium,294126,42018,G002,Delhi,A12,9841380083,1,1,1,Delhi,4,5,1
V809,U809,9499156957,car,6,2,3,minor,low,305484,76371,G002,Mumbai,A10,9565922024,1,1,0,Mumbai,7,0,1
V810,U810,9316259608,bike,8,5,5,major,medium,237164,59291,G002,Pune,A11,9203117077,1,1,1,Pune,1,4,1
V811,U811,9128114856,bike,6,3,2,minor,high,38065,22469,G001,Delhi,A11,9928655198,0,0,1,Pune,8,5,1
V812,U812,9425852753,bike,1,4,1,minor,high,496344,82724,G002,Mumbai,A11,9036886229,1,0,1,Delhi,5,0,1
V813,U813,9095724934,car,7,1,1,major,medium,17995,13778,G003,Delhi,A11,9211702945,0,0,0,Pune,9,1,1
V814,U814,9158164438,bike,9,4,4,minor,medium,22373,13163,G001,Pune,A11,9425510199,0,0,1,Pune,5,1,1
V815,U815,9647350491,bike,6,5,4,minor,medium,37636,20404,G002,Mumbai,A12,9323726491,1,0,1,Pune,7,0,1
V816,U816,9679343971,car,2,2,1,minor,low,109476,90228,G001,Mumbai,A11,9922754280,1,0,0,Delhi,8,4,1
V817,U817,9039535701,bike,9,3,3,major,low,88674,74378,G001,Pune,A11,9328862694,0,0,1,Pune,4,3,1
V818,U818,9582706508,car,10,1,3,major,high,84024,76844,G002,Pune,A10,9541489423,1,0,1,Pune,5,2,0
V819,U819,9448399922,bike,3,5,5,major,low,32033,16054,G001,Delhi,A11,9838850568,0,0,0,Delhi,9,0,1
V820,U820,9243549389,bike,6,1,0,major,medium,29284,17881,G003,Pune,A10,9258216168,1,1,0,Mumbai,5,1,1
V821,U821,9573530952,bike,1,4,0,minor,low,224532,56133,G002,Mumbai,A12,9349959454,0,0,1,Mumbai,2,0,1
V822,U822,9448890551,bike,2,1,6,minor,medium,286185,57237,G002,Mumbai,A11,9681568623,1,0,1,Pune,6,2,1
V823,U823,9329097568,bike,7,2,4,major,low,53176,49670,G002,Pune,A10,9622369016,1,1,0,Delhi,3,5,1
V824,U824,9177325546,bike,7,2,4,major,medium,83538,80079,G001,Pune,A11,9337168641,1,0,0,Mumbai,9,3,1
V825,U825,9723994263,car,10,4,4,major,medium,475272,79212,G002,Mumbai,A11,9796115561,1,0,0,Delhi,6,5,1
V826,U826,9269741363,car,8,2,4,major,medium,87352,73758,G001,Pune,A10,9021951119,1,1,0,Delhi,10,5,1
V827,U827,9454787937,bike,10,4,2,minor,medium,100210,96163,G003,Mumbai,A11,9419977341,0,0,0,Pune,7,0,1
V828,U828,9872015239,car,2,4,2,minor,low,441625,88325,G002,Delhi,A11,9726258090,1,0,0,Delhi,1,3,1
V829,U829,9214651547,bike,6,2,4,minor,high,50260,47163,G001,Delhi,A11,9343968513,0,0,1,Pune,1,1,1
V830,U830,9317421746,bike,5,4,6,major,low,73243,72179,G001,Delhi,A11,9905168654,0,0,1,Delhi,8,5,0
V831,U831,9756994456,bike,2,4,5,major,high,32095,18681,G001,Mumbai,A12,9987646284,0,0,1,Delhi,2,3,0
V832,U832,9717411781,car,10,1,1,major,low,20417,18125,G001,Pune,A11,9073464569,1,1,0,Delhi,2,2,0
V833,U833,9156784427,bike,3,3,6,minor,medium,36938,34065,G003,Mumbai,A11,9961665701,0,0,0,Pune,4,1,1
V834,U834,9445951603,car,7,2,2,minor,low,33633,22396,G003,Mumbai,A12,9604901783,1,0,1,Delhi,10,2,0
V835,U835,9736720625,bike,1,1,5,minor,medium,284410,56882,G002,Pune,A11,9255077555,0,1,0,Delhi,3,1,1
V836,U836,9597986289,bike,9,4,0,minor,low,99375,93937,G003,Mumbai,A11,9640021278,0,1,1,Delhi,4,4,1
V837,U837,9187387271,car,6,1,0,minor,low,89336,79268,G002,Pune,A12,9333356986,0,0,0,Delhi,4,1,1
V838,U838,9583117166,car,8,3,2,major,high,866150,86615,G002,Pune,A11,9967058561,0,1,0,Pune,7,3,1
V839,U839,9605459045,car,10,5,6,minor,low,55382,49977,G001,Pune,A12,9830591999,1,1,0,Delhi,9,3,1
V840,U840,9325946478,bike,9,5,3,minor,high,329704,41213,G002,Pune,A11,9736296843,0,0,1,Mumbai,2,0,1
V841,U841,9070412332,bike,5,1,2,minor,low,27489,13408,G003,Pune,A12,9361674797,0,1,0,Delhi,2,5,1
V842,U842,9185177617,bike,6,1,6,major,high,50850,34404,G001,Mumbai,A12,9706216462,1,0,0,Delhi,9,1,1
V843,U843,9589906975,bike,10,4,5,major,low,91975,81715,G003,Pune,A10,9054737229,1,1,0,Delhi,8,0,1
V844,U844,9971666448,car,5,3,2,major,high,25324,6331,G002,Mumbai,A11,9218609918,0,0,1,Pune,7,5,1
V845,U845,9987756408,bike,4,4,6,minor,low,117757,99937,G003,Pune,A11,9535496074,1,1,0,Mumbai,9,1,1
V846,U846,9018863989,bike,5,5,4,minor,low,76922,65128,G002,Mumbai,A12,9347375387,0,1,0,Pune,1,5,1
V847,U847,9279090229,bike,8,5,0,minor,low,61948,42627,G003,Delhi,A10,9216683190,0,1,0,Delhi,4,4,1
V848,U848,9516906313,car,7,4,3,minor,high,13277,12647,G003,Mumbai,A11,9471521973,1,0,0,Pune,10,5,1
V849,U849,9626434020,car,7,4,0,major,medium,88018,80771,G002,Delhi,A12,9205385128,0,1,1,Pune,9,0,1
V850,U850,9999999999,bike,10,2,2,major,high,252894,84298,G002,Pune,A10,9834471932,0,0,1,Delhi,3,4,1
V851,U851,9941333998,car,6,1,1,minor,low,7536,7127,G001,Delhi,A11,9342076092,1,0,0,Mumbai,3,1,0
V852,U852,9508728656,car,10,1,2,minor,high,74682,58479,G003,Mumbai,A11,9023907967,1,1,0,Mumbai,4,4,1
V853,U853,9010555172,car,4,2,4,minor,high,78160,9770,G003,Pune,A11,9336744870,0,0,0,Delhi,8,0,1
V854,U854,9922780897,car,5,1,6,major,low,11767,8622,G003,Mumbai,A11,9207267532,0,0,1,Delhi,3,4,1
V855,U855,9895197992,car,2,3,2,major,high,27818,22798,G001,Delhi,A12,9971283689,0,0,1,Pune,3,2,1
V856,U856,9582160335,bike,1,4,1,minor,medium,80097,71431,G003,Mumbai,A10,9353564956,0,0,1,Mumbai,3,3,1
V857,U857,9623486653,car,4,1,1,major,medium,153690,30738,G002,Mumbai,A11,9641313703,0,1,0,Mumbai,10,3,1
V858,U858,9962411250,car,1,1,6,minor,medium,441762,73627,G002,Pune,A11,9042658569,0,1,1,Delhi,1,1,1
V859,U859,9438278024,bike,10,2,0,major,low,31682,18662,G002,Mumbai,A12,9713589774,1,1,0,Pune,7,4,1
V860,U860,9712463717,car,10,4,5,minor,high,69639,63703,G002,Delhi,A12,9200995730,0,0,1,Pune,7,4,1
V861,U861,9786760351,bike,1,2,5,major,high,250386,83462,G001,Delhi,A11,9414609230,1,1,0,Pune,3,0,1
V862,U862,9926329407,car,3,1,4,minor,high,774108,86012,G002,Delhi,A11,9592532524,0,0,0,Delhi,4,2,1
V863,U863,9345177660,bike,4,5,0,major,medium,278238,46373,G002,Delhi,A11,9100615803,0,1,1,Mumbai,9,0,1
V864,U864,9418825321,car,4,4,0,minor,low,67568,51853,G001,Mumbai,A10,9998657343,1,0,0,Pune,2,0,1
V865,U865,9498025197,bike,5,4,2,minor,high,52894,50363,G002,Delhi,A12,9286908441,0,0,1,Mumbai,6,2,0
V866,U866,9459862043,bike,10,5,1,minor,high,39023,33353,G001,Delhi,A11,9634618727,1,1,1,Delhi,10,3,0
V867,U867,9166006232,car,6,1,0,minor,low,251148,41858,G002,Mumbai,A11,9380348275,1,1,1,Delhi,9,2,1
V868,U868,9906220917,bike,1,2,2,minor,high,549360,78480,G002,Delhi,A11,9785812218,1,1,0,Pune,3,2,1
V869,U869,9372820459,bike,10,3,6,major,low,65457,64199,G003,Mumbai,A11,9937413953,1,1,1,Delhi,8,0,1
V870,U870,9017838545,bike,10,2,2,minor,low,359340,35934,G002,Delhi,A11,9719386718,1,1,0,Mumbai,8,1,1
V871,U871,9336818219,car,7,4,6,major,medium,82077,63865,G001,Delhi,A11,9675210858,0,0,0,Pune,3,3,1
V872,U872,9014560409,car,10,2,2,minor,high,48162,31066,G003,Delhi,A11,9035056735,1,1,1,Pune,4,1,1
V873,U873,9791000643,bike,2,2,3,minor,high,162000,40500,G002,Mumbai,A11,9061970833,0,1,0,Delhi,7,5,1
V874,U874,9476307970,car,4,3,0,minor,high,102620,14660,G002,Pune,A11,9175327332,0,0,1,Pune,9,0,1
V875,U875,9953201525,bike,1,1,0,major,medium,400830,66805,G003,Delhi,A10,9641669793,1,0,1,Delhi,4,0,1
V876,U876,9812686164,car,10,3,2,minor,high,52704,36898,G003,Pune,A10,9863850885,1,1,1,Delhi,3,1,0
V877,U877,9877902140,car,8,5,5,minor,medium,472116,78686,G002,Delhi,A11,9871333323,0,1,0,Delhi,3,3,1
V878,U878,9457605891,car,9,5,0,minor,high,39798,38646,G001,Mumbai,A12,9762885566,0,0,1,Pune,8,1,1
V879,U879,9038082402,bike,7,2,6,major,high,36216,21559,G003,Pune,A11,9938503237,0,0,1,Delhi,7,4,1
V880,U880,9671229926,bike,1,4,0,major,medium,85992,77887,G002,Mumbai,A12,9480495089,1,1,0,Delhi,10,3,1
V881,U881,9727774913,car,6,4,2,major,low,66340,56685,G002,Mumbai,A10,9177631474,1,1,1,Pune,3,3,0
V882,U882,9704449754,car,5,5,1,major,medium,68104,67476,G003,Delhi,A11,9709185845,1,0,0,Pune,2,1,0
V883,U883,9195249135,car,9,5,3,major,medium,88931,86733,G003,Pune,A10,9684766528,1,1,1,Delhi,9,1,1
V884,U884,9230749667,car,8,3,0,major,high,48399,45577,G003,Delhi,A12,9430942406,1,1,1,Pune,6,4,0
V885,U885,9249093736,car,8,2,4,minor,high,645204,92172,G002,Delhi,A11,9931586270,0,0,0,Mumbai,2,2,1
V886,U886,9843046753,car,9,1,5,major,medium,31476,21882,G002,Pune,A12,9094135735,0,0,0,Delhi,1,1,1
V887,U887,9610086832,bike,9,5,6,major,low,45534,27555,G001,Delhi,A10,9621195738,1,0,0,Mumbai,10,1,1
V888,U888,9122400821,bike,6,3,1,major,medium,87556,68692,G002,Pune,A12,9243839503,1,0,0,Delhi,3,0,1
V889,U889,9683357729,car,7,2,2,major,medium,62615,57118,G002,Mumbai,A10,9588502798,0,0,1,Pune,9,0,1
V890,U890,9083687509,car,2,3,4,minor,low,95904,94490,G001,Delhi,A11,9704603630,0,1,1,Mumbai,5,2,1
V891,U891,9594963747,bike,7,2,0,minor,medium,100173,93619,G002,Mumbai,A10,9521213626,0,0,0,Delhi,10,3,1
V892,U892,9102763916,bike,3,2,2,major,high,110383,90651,G001,Pune,A12,9822341507,0,0,1,Delhi,8,2,1
V893,U893,9143290865,bike,6,2,0,major,high,96591,81290,G002,Delhi,A12,9010722833,1,1,1,Delhi,6,4,0
V894,U894,9608071874,bike,6,2,5,minor,medium,50778,7254,G002,Pune,A11,9251172205,1,0,1,Delhi,6,1,1
V895,U895,9845396696,bike,4,3,1,major,low,32538,19588,G001,Delhi,A11,9165411592,1,1,0,Mumbai,5,2,1
V896,U896,9261513209,car,5,3,0,major,low,535476,89246,G002,Pune,A11,9041981738,0,1,0,Pune,5,0,1
V897,U897,9958369941,car,5,1,2,minor,low,79927,76830,G003,Delhi,A11,9912029697,1,0,1,Mumbai,5,3,0
V898,U898,9049141464,bike,7,2,3,major,medium,72344,59419,G001,Delhi,A11,9309428791,0,1,0,Delhi,3,5,1
V899,U899,9350257874,car,2,5,2,major,high,70616,67949,G001,Delhi,A10,9400232461,1,0,1,Mumbai,6,4,1
V900,U900,9999999999,bike,9,3,4,major,low,87287,82585,G001,Pune,A10,9991712141,0,0,0,Mumbai,8,2,1
V901,U901,9698567070,car,8,5,4,minor,high,710448,88806,G002,Delhi,A11,9220315213,0,1,1,Pune,2,2,1
V902,U902,9471570593,bike,10,4,3,minor,low,258065,51613,G002,Mumbai,A10,9503459370,1,0,1,Delhi,8,3,1
V903,U903,9904486554,bike,9,5,5,minor,high,56292,51880,G001,Mumbai,A11,9504864496,0,1,1,Delhi,9,1,1
V904,U904,9527377337,car,2,5,4,minor,low,464800,58100,G002,Pune,A10,9781722306,0,0,1,Pune,4,3,1
V905,U905,9360932465,car,5,5,5,minor,medium,431336,53917,G001,Mumbai,A11,9139805027,1,0,1,Pune,9,3,1
V906,U906,9644656118,car,9,4,0,major,high,258690,43115,G002,Pune,A11,9847827036,1,1,0,Pune,2,2,1
V907,U907,9723967564,bike,2,3,5,minor,low,35627,34268,G003,Delhi,A11,9064845045,0,0,0,Mumbai,1,4,1
V908,U908,9602134349,bike,9,3,0,major,high,39256,34396,G002,Pune,A10,9461996636,0,0,0,Delhi,4,1,1
V909,U909,9745370189,car,8,5,2,minor,medium,154160,38540,G002,Delhi,A12,9119978590,0,1,1,Delhi,7,1,1
V910,U910,9373376792,car,5,1,3,minor,medium,492450,49245,G002,Delhi,A11,9980371509,0,0,0,Pune,2,5,1
V911,U911,9593550786,car,2,5,0,major,high,100398,94659,G002,Pune,A10,9505125199,0,1,1,Delhi,7,0,1
V912,U912,9947497644,bike,5,1,3,minor,high,236352,39392,G002,Mumbai,A12,9731185839,1,1,1,Mumbai,1,5,1
V913,U913,9429959122,car,10,2,4,major,high,379188,63198,G002,Delhi,A11,9090512209,0,1,1,Pune,8,4,1
V914,U914,9934999858,bike,1,3,6,major,high,96065,78405,G002,Delhi,A10,9723602596,0,0,1,Delhi,3,2,1
V915,U915,9493659203,bike,1,2,5,minor,high,509243,72749,G002,Mumbai,A11,9004018631,1,1,0,Delhi,1,0,1
V916,U916,9447716877,car,1,5,3,minor,low,52617,33848,G002,Pune,A10,9931146123,0,0,1,Pune,3,5,1
V917,U917,9040023339,bike,7,3,0,major,low,33857,25840,G002,Mumbai,A12,9383471077,1,0,0,Pune,10,1,0
V918,U918,9578774868,car,2,4,4,minor,high,83813,69312,G002,Mumbai,A10,9739881838,1,1,0,Delhi,8,3,1
V919,U919,9606349028,car,6,1,4,minor,low,667899,74211,G002,Mumbai,A11,9892974599,0,1,1,Pune,4,2,1
V920,U920,9743282555,bike,1,3,2,major,medium,55031,50064,G002,Delhi,A10,9510816444,1,0,1,Mumbai,2,0,1
V921,U921,9409096289,bike,8,5,5,major,low,103512,12939,G001,Mumbai,A10,9662977821,1,1,1,Delhi,9,4,1
V922,U922,9401818580,car,9,5,6,minor,high,40873,24352,G002,Pune,A10,9879195114,0,1,1,Delhi,2,0,1
V923,U923,9821061728,bike,8,5,4,major,low,32315,14302,G003,Mumbai,A12,9042410738,0,1,0,Pune,5,3,1
V924,U924,9772911492,bike,8,4,2,minor,high,95118,15853,G002,Delhi,A11,9189365988,0,1,0,Pune,2,0,1
V925,U925,9428321266,car,1,4,5,minor,high,484848,80808,G002,Pune,A11,9182493033,1,1,1,Pune,7,4,1
V926,U926,9276795871,bike,9,3,2,minor,low,393524,98381,G001,Mumbai,A10,9318882353,1,0,1,Delhi,10,4,1
V927,U927,9684665350,bike,7,5,5,minor,medium,451120,90224,G002,Mumbai,A12,9921743866,0,0,0,Pune,2,3,1
V928,U928,9310744432,bike,2,3,3,major,low,311024,44432,G001,Delhi,A10,9498256577,0,0,1,Delhi,1,0,1
V929,U929,9900731883,car,4,1,6,minor,high,83417,80793,G001,Pune,A12,9283855937,1,0,1,Mumbai,10,4,1
V930,U930,9645880109,bike,8,3,1,major,low,77967,66919,G003,Delhi,A12,9122395092,1,0,0,Delhi,5,2,1
V931,U931,9812999546,car,4,4,2,major,high,60110,49668,G001,Pune,A11,9304578419,0,1,0,Pune,10,1,1
V932,U932,9262569244,bike,6,5,2,major,low,58845,50950,G001,Delhi,A11,9840225272,1,0,0,Pune,1,5,1
V933,U933,9702472016,bike,2,3,0,major,high,40858,29125,G003,Delhi,A11,9093367922,1,1,1,Pune,1,5,1
V934,U934,9887399862,bike,10,3,5,major,high,441894,73649,G002,Mumbai,A11,9681523784,1,0,0,Mumbai,4,3,1
V935,U935,9878446222,bike,4,1,0,major,medium,14942,12705,G001,Pune,A11,9079845710,0,0,1,Delhi,6,4,1
V936,U936,9495724517,bike,3,4,4,major,medium,443590,88718,G002,Delhi,A11,9256372198,0,0,1,Pune,9,1,1
V937,U937,9760803209,car,3,2,3,major,low,45222,40089,G001,Pune,A12,9400227596,1,1,1,Pune,7,1,0
V938,U938,9474219467,bike,5,4,1,major,high,101357,94939,G001,Pune,A11,9092185472,1,1,0,Pune,6,4,1
V939,U939,9408796370,car,3,3,2,major,low,360456,90114,G002,Mumbai,A11,9264772312,0,1,0,Pune,2,2,1
V940,U940,9217881940,bike,8,3,6,minor,medium,572088,95348,G002,Delhi,A10,9116551917,1,1,0,Delhi,2,1,1
V941,U941,9238958011,car,8,5,0,minor,low,51447,37229,G002,Pune,A10,9306185300,1,0,1,Pune,6,1,0
V942,U942,9316540978,car,10,4,3,minor,low,102736,25684,G001,Pune,A12,9855923609,0,0,0,Pune,9,3,1
V943,U943,9601004832,car,4,4,5,minor,medium,295332,98444,G003,Pune,A11,9851797757,1,1,1,Delhi,5,0,1
V944,U944,9458308758,car,10,1,2,major,low,70022,59776,G001,Mumbai,A11,9586074963,1,1,1,Mumbai,5,3,0
V945,U945,9600415923,bike,1,1,2,major,low,361412,90353,G002,Delhi,A11,9964475590,1,1,1,Delhi,2,4,1
V946,U946,9915853733,bike,6,1,2,major,high,163227,54409,G002,Pune,A12,9532028267,1,0,1,Delhi,6,1,1
V947,U947,9758874440,car,1,1,6,major,high,789792,98724,G002,Pune,A11,9155057527,0,0,0,Pune,5,3,1
V948,U948,9230289981,bike,9,3,3,major,high,298122,49687,G002,Delhi,A11,9334044897,0,0,0,Pune,7,0,1
V949,U949,9113898245,bike,9,4,6,minor,medium,146540,36635,G003,Mumbai,A11,9770759342,0,1,1,Delhi,2,0,1
V950,U950,9999999999,car,8,2,3,minor,high,842472,93608,G002,Delhi,A11,9427581217,1,0,0,Pune,7,5,1
V951,U951,9370419910,car,10,5,3,major,low,82559,66309,G003,Pune,A12,9453589551,0,1,0,Pune,8,1,1
V952,U952,9009530581,car,3,3,2,major,medium,106761,89703,G001,Pune,A10,9754793328,0,0,1,Mumbai,7,2,1
V953,U953,9232555013,bike,7,1,4,minor,high,264047,37721,G003,Delhi,A12,9193124078,0,1,0,Mumbai,2,0,1
V954,U954,9520299293,car,2,3,1,major,medium,381088,95272,G002,Mumbai,A11,9815490246,1,0,1,Delhi,6,5,1
V955,U955,9744534385,car,2,2,1,minor,low,155496,19437,G002,Pune,A10,9324639348,0,0,0,Mumbai,9,3,1
V956,U956,9765557461,car,1,1,3,minor,medium,176004,29334,G002,Pune,A11,9502997148,0,1,0,Pune,8,4,1
V957,U957,9124227990,bike,5,4,0,major,high,149202,24867,G002,Pune,A11,9933914666,0,0,0,Mumbai,2,2,1
V958,U958,9227502553,bike,3,4,1,minor,low,54415,50218,G001,Mumbai,A11,9386882244,1,1,0,Mumbai,8,2,1
V959,U959,9126843819,car,3,3,0,minor,low,105345,35115,G001,Pune,A10,9518537969,1,1,0,Mumbai,6,4,1
V960,U960,9724887622,bike,6,2,2,minor,medium,24108,10205,G001,Pune,A12,9047701316,1,1,0,Mumbai,10,1,0
V961,U961,9066452389,car,7,3,0,major,medium,92574,10286,G002,Mumbai,A11,9990055741,1,0,1,Mumbai,8,3,1
V962,U962,9619744121,bike,5,4,2,major,low,99694,94138,G002,Pune,A10,9426591167,0,1,0,Pune,2,0,1
V963,U963,9946024285,bike,8,1,2,minor,high,409752,58536,G001,Pune,A11,9236351759,1,1,0,Delhi,6,2,1
V964,U964,9199807979,bike,4,4,2,major,medium,326624,81656,G003,Delhi,A11,9725136161,1,0,0,Pune,4,0,1
V965,U965,9105653865,car,1,4,5,minor,high,39393,24501,G002,Delhi,A10,9784840111,0,1,0,Pune,3,2,1
V966,U966,9149249844,car,3,2,4,minor,medium,87047,81905,G002,Delhi,A12,9649831431,0,1,1,Mumbai,8,0,1
V967,U967,9131694223,car,9,5,3,major,low,65216,64810,G003,Mumbai,A12,9607629671,0,1,1,Mumbai,5,2,1
V968,U968,9400964822,bike,1,5,3,minor,medium,55646,39048,G001,Delhi,A10,9024203815,1,1,1,Delhi,6,5,0
V969,U969,9245583222,car,2,2,1,major,low,57276,43321,G001,Mumbai,A10,9950495326,0,1,1,Mumbai,1,2,1
V970,U970,9567823189,car,1,5,0,major,high,714544,89318,G003,Pune,A11,9485252512,1,1,0,Mumbai,6,3,1
V971,U971,9042901597,car,9,5,4,major,low,15762,12330,G001,Mumbai,A10,9800502049,0,1,1,Mumbai,6,2,1
V972,U972,9923833027,bike,3,3,1,minor,medium,14371,13475,G002,Delhi,A10,9659763391,0,0,1,Pune,9,1,1
V973,U973,9816150038,car,4,5,6,major,high,25835,13862,G002,Delhi,A12,9417160081,0,1,0,Pune,2,5,1
V974,U974,9870872044,car,6,4,1,minor,medium,88632,68724,G002,Delhi,A10,9785999431,1,0,0,Delhi,8,1,1
V975,U975,9906567880,bike,1,5,2,minor,low,51993,17331,G001,Pune,A10,9130474295,0,1,0,Mumbai,6,2,1
V976,U976,9080394615,car,4,1,6,major,low,48126,42640,G002,Pune,A12,9923560801,1,1,0,Pune,7,0,0
V977,U977,9162064678,car,9,5,0,minor,medium,329832,54972,G002,Pune,A12,9735086186,0,0,0,Delhi,6,5,1
V978,U978,9385876911,car,1,3,2,minor,high,45244,11311,G002,Pune,A11,9663902816,0,0,0,Delhi,10,1,1
V979,U979,9668631818,car,1,2,2,major,high,519006,86501,G002,Pune,A11,9322767741,0,1,0,Mumbai,4,4,1
V980,U980,9806604794,car,7,2,0,minor,medium,47449,36056,G003,Pune,A10,9339364477,1,1,0,Delhi,5,2,0
V981,U981,9795832121,bike,6,5,4,major,high,84859,73615,G002,Mumbai,A10,9620469783,0,0,0,Mumbai,4,3,1
V982,U982,9156793981,bike,2,1,2,minor,medium,478730,47873,G002,Mumbai,A11,9715170551,0,1,1,Mumbai,1,5,1
V983,U983,9455750315,bike,3,1,5,major,medium,41008,39350,G001,Mumbai,A10,9714165090,1,0,0,Mumbai,10,1,1
V984,U984,9074410766,bike,5,4,6,major,medium,88072,69477,G001,Pune,A11,9626485510,1,1,1,Pune,7,4,1
V985,U985,9063674156,car,4,5,3,minor,high,43200,27594,G003,Delhi,A12,9148200575,1,0,0,Pune,1,0,1
V986,U986,9103262484,car,4,1,3,major,high,661272,82659,G002,Pune,A11,9478875215,1,0,1,Mumbai,5,4,1
V987,U987,9636506829,car,10,2,4,minor,low,677770,67777,G002,Delhi,A11,9954382426,0,1,0,Delhi,9,5,1
V988,U988,9533148004,car,5,1,2,major,high,102534,34178,G002,Pune,A12,9353217246,0,1,0,Mumbai,9,2,1
V989,U989,9413880278,car,3,2,2,minor,high,101757,99975,G003,Delhi,A11,9272540367,0,0,1,Mumbai,8,3,0
V990,U990,9744176818,bike,7,5,6,minor,low,57470,49158,G001,Delhi,A11,9035270336,0,0,1,Delhi,2,1,1
V991,U991,9920872278,car,3,4,6,major,high,355892,88973,G002,Delhi,A11,9218375684,1,1,0,Pune,4,5,1
V992,U992,9677780627,car,1,5,2,major,high,19784,7795,G003,Pune,A10,9937934791,0,1,0,Delhi,4,4,1
V993,U993,9985696221,car,7,3,1,major,medium,58903,38957,G002,Pune,A10,9288389093,0,1,1,Mumbai,10,4,1
V994,U994,9536193010,car,10,1,1,minor,low,114867,38289,G002,Pune,A12,9847148024,1,1,1,Pune,9,5,1
V995,U995,9914650318,car,3,2,3,minor,medium,70400,52269,G003,Mumbai,A11,9575773650,1,1,1,Delhi,10,5,0
V996,U996,9375659638,car,9,1,5,major,medium,336858,56143,G002,Pune,A11,9349920148,1,1,0,Mumbai,9,3,1
V997,U997,9381116788,car,8,4,5,minor,high,58585,49059,G001,Mumbai,A11,9012516137,0,1,0,Pune,8,0,1
V998,U998,9226917911,car,10,5,0,major,low,89312,80179,G002,Pune,A12,9387601433,1,1,1,Mumbai,1,0,1
V999,U999,9280246528,bike,3,4,1,minor,medium,76354,75768,G001,Pune,A12,9145235468,1,1,0,Delhi,5,3,1
